"Time","Time_hours","Strain","Replicate","OD"
"0:04:10",0.07,"Blank",0,0.003
"0:09:10",0.15,"Blank",0,0.003
"0:14:10",0.24,"Blank",0,0.003
"0:19:10",0.32,"Blank",0,0.003
"0:24:10",0.4,"Blank",0,0.002
"0:29:10",0.49,"Blank",0,0.002
"0:34:10",0.57,"Blank",0,0.002
"0:39:10",0.65,"Blank",0,0.002
"0:44:10",0.74,"Blank",0,0.002
"0:49:10",0.82,"Blank",0,0.002
"0:54:10",0.9,"Blank",0,0.002
"0:59:10",0.99,"Blank",0,0.002
"1:04:10",1.07,"Blank",0,0.002
"1:09:10",1.15,"Blank",0,0.002
"1:14:10",1.24,"Blank",0,0.002
"1:19:10",1.32,"Blank",0,0.002
"1:24:10",1.4,"Blank",0,0.001
"1:29:10",1.49,"Blank",0,0.001
"1:34:10",1.57,"Blank",0,0.001
"1:39:10",1.65,"Blank",0,0.001
"1:44:10",1.74,"Blank",0,0.001
"1:49:10",1.82,"Blank",0,0.001
"1:54:10",1.9,"Blank",0,0.001
"1:59:10",1.99,"Blank",0,0.001
"2:04:10",2.07,"Blank",0,0.001
"2:09:10",2.15,"Blank",0,0.001
"2:14:10",2.24,"Blank",0,0.001
"2:19:10",2.32,"Blank",0,0.001
"2:24:10",2.4,"Blank",0,0.001
"2:29:10",2.49,"Blank",0,0.001
"2:34:10",2.57,"Blank",0,0.001
"2:39:10",2.65,"Blank",0,0.001
"2:44:10",2.74,"Blank",0,0.001
"2:49:10",2.82,"Blank",0,0.001
"2:54:10",2.9,"Blank",0,0.001
"2:59:10",2.99,"Blank",0,0.001
"3:04:10",3.07,"Blank",0,0.001
"3:09:10",3.15,"Blank",0,0.001
"3:14:10",3.24,"Blank",0,0.001
"3:19:10",3.32,"Blank",0,0.001
"3:24:10",3.4,"Blank",0,0.001
"3:29:10",3.49,"Blank",0,0.001
"3:34:10",3.57,"Blank",0,0.001
"3:39:10",3.65,"Blank",0,0
"3:44:10",3.74,"Blank",0,0
"3:49:10",3.82,"Blank",0,0
"3:54:10",3.9,"Blank",0,0
"3:59:10",3.99,"Blank",0,0
"4:04:10",4.07,"Blank",0,0
"4:09:10",4.15,"Blank",0,0
"4:14:10",4.24,"Blank",0,0
"4:19:10",4.32,"Blank",0,0
"4:24:10",4.4,"Blank",0,0
"4:29:10",4.49,"Blank",0,0
"4:34:10",4.57,"Blank",0,0
"4:39:10",4.65,"Blank",0,0
"4:44:10",4.74,"Blank",0,0
"4:49:10",4.82,"Blank",0,0
"4:54:10",4.9,"Blank",0,0
"4:59:10",4.99,"Blank",0,0
"5:04:10",5.07,"Blank",0,0
"5:09:10",5.15,"Blank",0,0
"5:14:10",5.24,"Blank",0,0
"5:19:10",5.32,"Blank",0,0
"5:24:10",5.4,"Blank",0,0
"5:29:10",5.49,"Blank",0,-0.001
"5:34:10",5.57,"Blank",0,-0.001
"5:39:10",5.65,"Blank",0,-0.001
"5:44:10",5.74,"Blank",0,-0.001
"5:49:10",5.82,"Blank",0,-0.001
"5:54:10",5.9,"Blank",0,-0.001
"5:59:10",5.99,"Blank",0,-0.001
"6:04:10",6.07,"Blank",0,-0.001
"6:09:10",6.15,"Blank",0,-0.001
"6:14:10",6.24,"Blank",0,-0.001
"6:19:10",6.32,"Blank",0,-0.001
"6:24:10",6.4,"Blank",0,-0.001
"6:29:10",6.49,"Blank",0,-0.001
"6:34:10",6.57,"Blank",0,-0.001
"6:39:10",6.65,"Blank",0,-0.001
"6:44:10",6.74,"Blank",0,-0.001
"6:49:10",6.82,"Blank",0,-0.001
"6:54:10",6.9,"Blank",0,-0.001
"6:59:10",6.99,"Blank",0,-0.001
"7:04:10",7.07,"Blank",0,-0.001
"7:09:10",7.15,"Blank",0,-0.001
"7:14:10",7.24,"Blank",0,-0.001
"7:19:10",7.32,"Blank",0,-0.001
"7:24:10",7.4,"Blank",0,-0.001
"7:29:10",7.49,"Blank",0,-0.001
"7:34:10",7.57,"Blank",0,-0.001
"7:39:10",7.65,"Blank",0,-0.001
"7:44:10",7.74,"Blank",0,-0.001
"7:49:10",7.82,"Blank",0,-0.001
"7:54:10",7.9,"Blank",0,-0.001
"7:59:10",7.99,"Blank",0,-0.001
"8:04:10",8.07,"Blank",0,-0.001
"8:09:10",8.15,"Blank",0,-0.001
"8:14:10",8.24,"Blank",0,-0.001
"8:19:10",8.32,"Blank",0,-0.001
"8:24:10",8.4,"Blank",0,-0.001
"8:29:10",8.49,"Blank",0,-0.001
"8:34:10",8.57,"Blank",0,-0.001
"8:39:10",8.65,"Blank",0,-0.001
"8:44:10",8.74,"Blank",0,-0.001
"8:49:10",8.82,"Blank",0,-0.001
"8:54:10",8.9,"Blank",0,-0.001
"8:59:10",8.99,"Blank",0,-0.001
"9:04:10",9.07,"Blank",0,-0.001
"9:09:10",9.15,"Blank",0,-0.001
"9:14:10",9.24,"Blank",0,-0.001
"9:19:10",9.32,"Blank",0,-0.001
"9:24:10",9.4,"Blank",0,-0.001
"9:29:10",9.49,"Blank",0,-0.001
"9:34:10",9.57,"Blank",0,-0.001
"9:39:10",9.65,"Blank",0,-0.001
"9:44:10",9.74,"Blank",0,-0.001
"9:49:10",9.82,"Blank",0,-0.001
"9:54:10",9.9,"Blank",0,-0.001
"9:59:10",9.99,"Blank",0,0
"0:04:10",0.07,"C6706",1,0.032
"0:09:10",0.15,"C6706",1,0.034
"0:14:10",0.24,"C6706",1,0.033
"0:19:10",0.32,"C6706",1,0.039
"0:24:10",0.4,"C6706",1,0.021
"0:29:10",0.49,"C6706",1,0.022
"0:34:10",0.57,"C6706",1,0.022
"0:39:10",0.65,"C6706",1,0.02
"0:44:10",0.74,"C6706",1,0.033
"0:49:10",0.82,"C6706",1,0.025
"0:54:10",0.9,"C6706",1,0.025
"0:59:10",0.99,"C6706",1,0.021
"1:04:10",1.07,"C6706",1,0.022
"1:09:10",1.15,"C6706",1,0.021
"1:14:10",1.24,"C6706",1,0.021
"1:19:10",1.32,"C6706",1,0.021
"1:24:10",1.4,"C6706",1,0.021
"1:29:10",1.49,"C6706",1,0.022
"1:34:10",1.57,"C6706",1,0.021
"1:39:10",1.65,"C6706",1,0.022
"1:44:10",1.74,"C6706",1,0.023
"1:49:10",1.82,"C6706",1,0.024
"1:54:10",1.9,"C6706",1,0.025
"1:59:10",1.99,"C6706",1,0.026
"2:04:10",2.07,"C6706",1,0.028
"2:09:10",2.15,"C6706",1,0.03
"2:14:10",2.24,"C6706",1,0.033
"2:19:10",2.32,"C6706",1,0.032
"2:24:10",2.4,"C6706",1,0.032
"2:29:10",2.49,"C6706",1,0.032
"2:34:10",2.57,"C6706",1,0.032
"2:39:10",2.65,"C6706",1,0.034
"2:44:10",2.74,"C6706",1,0.038
"2:49:10",2.82,"C6706",1,0.039
"2:54:10",2.9,"C6706",1,0.044
"2:59:10",2.99,"C6706",1,0.047
"3:04:10",3.07,"C6706",1,0.05
"3:09:10",3.15,"C6706",1,0.058
"3:14:10",3.24,"C6706",1,0.062
"3:19:10",3.32,"C6706",1,0.068
"3:24:10",3.4,"C6706",1,0.073
"3:29:10",3.49,"C6706",1,0.078
"3:34:10",3.57,"C6706",1,0.088
"3:39:10",3.65,"C6706",1,0.1
"3:44:10",3.74,"C6706",1,0.112
"3:49:10",3.82,"C6706",1,0.132
"3:54:10",3.9,"C6706",1,0.15
"3:59:10",3.99,"C6706",1,0.171
"4:04:10",4.07,"C6706",1,0.199
"4:09:10",4.15,"C6706",1,0.214
"4:14:10",4.24,"C6706",1,0.232
"4:19:10",4.32,"C6706",1,0.253
"4:24:10",4.4,"C6706",1,0.269
"4:29:10",4.49,"C6706",1,0.278
"4:34:10",4.57,"C6706",1,0.286
"4:39:10",4.65,"C6706",1,0.303
"4:44:10",4.74,"C6706",1,0.311
"4:49:10",4.82,"C6706",1,0.322
"4:54:10",4.9,"C6706",1,0.331
"4:59:10",4.99,"C6706",1,0.336
"5:04:10",5.07,"C6706",1,0.342
"5:09:10",5.15,"C6706",1,0.35
"5:14:10",5.24,"C6706",1,0.357
"5:19:10",5.32,"C6706",1,0.362
"5:24:10",5.4,"C6706",1,0.369
"5:29:10",5.49,"C6706",1,0.376
"5:34:10",5.57,"C6706",1,0.384
"5:39:10",5.65,"C6706",1,0.389
"5:44:10",5.74,"C6706",1,0.394
"5:49:10",5.82,"C6706",1,0.399
"5:54:10",5.9,"C6706",1,0.403
"5:59:10",5.99,"C6706",1,0.408
"6:04:10",6.07,"C6706",1,0.413
"6:09:10",6.15,"C6706",1,0.417
"6:14:10",6.24,"C6706",1,0.422
"6:19:10",6.32,"C6706",1,0.426
"6:24:10",6.4,"C6706",1,0.429
"6:29:10",6.49,"C6706",1,0.433
"6:34:10",6.57,"C6706",1,0.437
"6:39:10",6.65,"C6706",1,0.439
"6:44:10",6.74,"C6706",1,0.442
"6:49:10",6.82,"C6706",1,0.444
"6:54:10",6.9,"C6706",1,0.446
"6:59:10",6.99,"C6706",1,0.448
"7:04:10",7.07,"C6706",1,0.451
"7:09:10",7.15,"C6706",1,0.452
"7:14:10",7.24,"C6706",1,0.453
"7:19:10",7.32,"C6706",1,0.456
"7:24:10",7.4,"C6706",1,0.457
"7:29:10",7.49,"C6706",1,0.458
"7:34:10",7.57,"C6706",1,0.459
"7:39:10",7.65,"C6706",1,0.46
"7:44:10",7.74,"C6706",1,0.462
"7:49:10",7.82,"C6706",1,0.463
"7:54:10",7.9,"C6706",1,0.464
"7:59:10",7.99,"C6706",1,0.465
"8:04:10",8.07,"C6706",1,0.466
"8:09:10",8.15,"C6706",1,0.466
"8:14:10",8.24,"C6706",1,0.467
"8:19:10",8.32,"C6706",1,0.468
"8:24:10",8.4,"C6706",1,0.469
"8:29:10",8.49,"C6706",1,0.47
"8:34:10",8.57,"C6706",1,0.471
"8:39:10",8.65,"C6706",1,0.472
"8:44:10",8.74,"C6706",1,0.472
"8:49:10",8.82,"C6706",1,0.474
"8:54:10",8.9,"C6706",1,0.475
"8:59:10",8.99,"C6706",1,0.476
"9:04:10",9.07,"C6706",1,0.477
"9:09:10",9.15,"C6706",1,0.477
"9:14:10",9.24,"C6706",1,0.477
"9:19:10",9.32,"C6706",1,0.479
"9:24:10",9.4,"C6706",1,0.481
"9:29:10",9.49,"C6706",1,0.483
"9:34:10",9.57,"C6706",1,0.485
"9:39:10",9.65,"C6706",1,0.486
"9:44:10",9.74,"C6706",1,0.488
"9:49:10",9.82,"C6706",1,0.489
"9:54:10",9.9,"C6706",1,0.49
"9:59:10",9.99,"C6706",1,0.491
"0:04:10",0.07,"C6706",2,0.045
"0:09:10",0.15,"C6706",2,0.049
"0:14:10",0.24,"C6706",2,0.046
"0:19:10",0.32,"C6706",2,0.033
"0:24:10",0.4,"C6706",2,0.031
"0:29:10",0.49,"C6706",2,0.028
"0:34:10",0.57,"C6706",2,0.027
"0:39:10",0.65,"C6706",2,0.027
"0:44:10",0.74,"C6706",2,0.027
"0:49:10",0.82,"C6706",2,0.027
"0:54:10",0.9,"C6706",2,0.027
"0:59:10",0.99,"C6706",2,0.028
"1:04:10",1.07,"C6706",2,0.028
"1:09:10",1.15,"C6706",2,0.029
"1:14:10",1.24,"C6706",2,0.029
"1:19:10",1.32,"C6706",2,0.03
"1:24:10",1.4,"C6706",2,0.031
"1:29:10",1.49,"C6706",2,0.031
"1:34:10",1.57,"C6706",2,0.036
"1:39:10",1.65,"C6706",2,0.039
"1:44:10",1.74,"C6706",2,0.036
"1:49:10",1.82,"C6706",2,0.039
"1:54:10",1.9,"C6706",2,0.042
"1:59:10",1.99,"C6706",2,0.047
"2:04:10",2.07,"C6706",2,0.049
"2:09:10",2.15,"C6706",2,0.055
"2:14:10",2.24,"C6706",2,0.066
"2:19:10",2.32,"C6706",2,0.072
"2:24:10",2.4,"C6706",2,0.075
"2:29:10",2.49,"C6706",2,0.075
"2:34:10",2.57,"C6706",2,0.078
"2:39:10",2.65,"C6706",2,0.087
"2:44:10",2.74,"C6706",2,0.093
"2:49:10",2.82,"C6706",2,0.102
"2:54:10",2.9,"C6706",2,0.111
"2:59:10",2.99,"C6706",2,0.122
"3:04:10",3.07,"C6706",2,0.134
"3:09:10",3.15,"C6706",2,0.148
"3:14:10",3.24,"C6706",2,0.164
"3:19:10",3.32,"C6706",2,0.186
"3:24:10",3.4,"C6706",2,0.205
"3:29:10",3.49,"C6706",2,0.226
"3:34:10",3.57,"C6706",2,0.247
"3:39:10",3.65,"C6706",2,0.266
"3:44:10",3.74,"C6706",2,0.278
"3:49:10",3.82,"C6706",2,0.29
"3:54:10",3.9,"C6706",2,0.3
"3:59:10",3.99,"C6706",2,0.31
"4:04:10",4.07,"C6706",2,0.323
"4:09:10",4.15,"C6706",2,0.333
"4:14:10",4.24,"C6706",2,0.341
"4:19:10",4.32,"C6706",2,0.349
"4:24:10",4.4,"C6706",2,0.356
"4:29:10",4.49,"C6706",2,0.363
"4:34:10",4.57,"C6706",2,0.37
"4:39:10",4.65,"C6706",2,0.378
"4:44:10",4.74,"C6706",2,0.384
"4:49:10",4.82,"C6706",2,0.391
"4:54:10",4.9,"C6706",2,0.4
"4:59:10",4.99,"C6706",2,0.41
"5:04:10",5.07,"C6706",2,0.417
"5:09:10",5.15,"C6706",2,0.422
"5:14:10",5.24,"C6706",2,0.427
"5:19:10",5.32,"C6706",2,0.431
"5:24:10",5.4,"C6706",2,0.436
"5:29:10",5.49,"C6706",2,0.441
"5:34:10",5.57,"C6706",2,0.446
"5:39:10",5.65,"C6706",2,0.449
"5:44:10",5.74,"C6706",2,0.453
"5:49:10",5.82,"C6706",2,0.457
"5:54:10",5.9,"C6706",2,0.459
"5:59:10",5.99,"C6706",2,0.462
"6:04:10",6.07,"C6706",2,0.465
"6:09:10",6.15,"C6706",2,0.466
"6:14:10",6.24,"C6706",2,0.468
"6:19:10",6.32,"C6706",2,0.469
"6:24:10",6.4,"C6706",2,0.471
"6:29:10",6.49,"C6706",2,0.472
"6:34:10",6.57,"C6706",2,0.474
"6:39:10",6.65,"C6706",2,0.475
"6:44:10",6.74,"C6706",2,0.476
"6:49:10",6.82,"C6706",2,0.477
"6:54:10",6.9,"C6706",2,0.478
"6:59:10",6.99,"C6706",2,0.478
"7:04:10",7.07,"C6706",2,0.479
"7:09:10",7.15,"C6706",2,0.479
"7:14:10",7.24,"C6706",2,0.479
"7:19:10",7.32,"C6706",2,0.48
"7:24:10",7.4,"C6706",2,0.48
"7:29:10",7.49,"C6706",2,0.481
"7:34:10",7.57,"C6706",2,0.482
"7:39:10",7.65,"C6706",2,0.482
"7:44:10",7.74,"C6706",2,0.484
"7:49:10",7.82,"C6706",2,0.485
"7:54:10",7.9,"C6706",2,0.485
"7:59:10",7.99,"C6706",2,0.487
"8:04:10",8.07,"C6706",2,0.488
"8:09:10",8.15,"C6706",2,0.489
"8:14:10",8.24,"C6706",2,0.489
"8:19:10",8.32,"C6706",2,0.491
"8:24:10",8.4,"C6706",2,0.493
"8:29:10",8.49,"C6706",2,0.495
"8:34:10",8.57,"C6706",2,0.496
"8:39:10",8.65,"C6706",2,0.497
"8:44:10",8.74,"C6706",2,0.499
"8:49:10",8.82,"C6706",2,0.5
"8:54:10",8.9,"C6706",2,0.501
"8:59:10",8.99,"C6706",2,0.502
"9:04:10",9.07,"C6706",2,0.503
"9:09:10",9.15,"C6706",2,0.504
"9:14:10",9.24,"C6706",2,0.504
"9:19:10",9.32,"C6706",2,0.505
"9:24:10",9.4,"C6706",2,0.506
"9:29:10",9.49,"C6706",2,0.507
"9:34:10",9.57,"C6706",2,0.508
"9:39:10",9.65,"C6706",2,0.509
"9:44:10",9.74,"C6706",2,0.51
"9:49:10",9.82,"C6706",2,0.511
"9:54:10",9.9,"C6706",2,0.512
"9:59:10",9.99,"C6706",2,0.513
"0:04:10",0.07,"C6706",3,0.048
"0:09:10",0.15,"C6706",3,0.041
"0:14:10",0.24,"C6706",3,0.03
"0:19:10",0.32,"C6706",3,0.028
"0:24:10",0.4,"C6706",3,0.027
"0:29:10",0.49,"C6706",3,0.027
"0:34:10",0.57,"C6706",3,0.026
"0:39:10",0.65,"C6706",3,0.027
"0:44:10",0.74,"C6706",3,0.026
"0:49:10",0.82,"C6706",3,0.026
"0:54:10",0.9,"C6706",3,0.027
"0:59:10",0.99,"C6706",3,0.028
"1:04:10",1.07,"C6706",3,0.029
"1:09:10",1.15,"C6706",3,0.029
"1:14:10",1.24,"C6706",3,0.03
"1:19:10",1.32,"C6706",3,0.03
"1:24:10",1.4,"C6706",3,0.031
"1:29:10",1.49,"C6706",3,0.031
"1:34:10",1.57,"C6706",3,0.035
"1:39:10",1.65,"C6706",3,0.038
"1:44:10",1.74,"C6706",3,0.036
"1:49:10",1.82,"C6706",3,0.039
"1:54:10",1.9,"C6706",3,0.044
"1:59:10",1.99,"C6706",3,0.045
"2:04:10",2.07,"C6706",3,0.053
"2:09:10",2.15,"C6706",3,0.056
"2:14:10",2.24,"C6706",3,0.069
"2:19:10",2.32,"C6706",3,0.068
"2:24:10",2.4,"C6706",3,0.072
"2:29:10",2.49,"C6706",3,0.074
"2:34:10",2.57,"C6706",3,0.077
"2:39:10",2.65,"C6706",3,0.085
"2:44:10",2.74,"C6706",3,0.092
"2:49:10",2.82,"C6706",3,0.098
"2:54:10",2.9,"C6706",3,0.106
"2:59:10",2.99,"C6706",3,0.114
"3:04:10",3.07,"C6706",3,0.127
"3:09:10",3.15,"C6706",3,0.139
"3:14:10",3.24,"C6706",3,0.156
"3:19:10",3.32,"C6706",3,0.177
"3:24:10",3.4,"C6706",3,0.194
"3:29:10",3.49,"C6706",3,0.214
"3:34:10",3.57,"C6706",3,0.234
"3:39:10",3.65,"C6706",3,0.254
"3:44:10",3.74,"C6706",3,0.268
"3:49:10",3.82,"C6706",3,0.285
"3:54:10",3.9,"C6706",3,0.299
"3:59:10",3.99,"C6706",3,0.309
"4:04:10",4.07,"C6706",3,0.318
"4:09:10",4.15,"C6706",3,0.325
"4:14:10",4.24,"C6706",3,0.335
"4:19:10",4.32,"C6706",3,0.347
"4:24:10",4.4,"C6706",3,0.355
"4:29:10",4.49,"C6706",3,0.363
"4:34:10",4.57,"C6706",3,0.371
"4:39:10",4.65,"C6706",3,0.378
"4:44:10",4.74,"C6706",3,0.385
"4:49:10",4.82,"C6706",3,0.391
"4:54:10",4.9,"C6706",3,0.399
"4:59:10",4.99,"C6706",3,0.406
"5:04:10",5.07,"C6706",3,0.415
"5:09:10",5.15,"C6706",3,0.419
"5:14:10",5.24,"C6706",3,0.423
"5:19:10",5.32,"C6706",3,0.429
"5:24:10",5.4,"C6706",3,0.434
"5:29:10",5.49,"C6706",3,0.438
"5:34:10",5.57,"C6706",3,0.443
"5:39:10",5.65,"C6706",3,0.447
"5:44:10",5.74,"C6706",3,0.452
"5:49:10",5.82,"C6706",3,0.455
"5:54:10",5.9,"C6706",3,0.458
"5:59:10",5.99,"C6706",3,0.46
"6:04:10",6.07,"C6706",3,0.463
"6:09:10",6.15,"C6706",3,0.465
"6:14:10",6.24,"C6706",3,0.466
"6:19:10",6.32,"C6706",3,0.468
"6:24:10",6.4,"C6706",3,0.47
"6:29:10",6.49,"C6706",3,0.471
"6:34:10",6.57,"C6706",3,0.472
"6:39:10",6.65,"C6706",3,0.473
"6:44:10",6.74,"C6706",3,0.475
"6:49:10",6.82,"C6706",3,0.476
"6:54:10",6.9,"C6706",3,0.477
"6:59:10",6.99,"C6706",3,0.477
"7:04:10",7.07,"C6706",3,0.478
"7:09:10",7.15,"C6706",3,0.478
"7:14:10",7.24,"C6706",3,0.479
"7:19:10",7.32,"C6706",3,0.479
"7:24:10",7.4,"C6706",3,0.48
"7:29:10",7.49,"C6706",3,0.481
"7:34:10",7.57,"C6706",3,0.482
"7:39:10",7.65,"C6706",3,0.482
"7:44:10",7.74,"C6706",3,0.483
"7:49:10",7.82,"C6706",3,0.484
"7:54:10",7.9,"C6706",3,0.485
"7:59:10",7.99,"C6706",3,0.486
"8:04:10",8.07,"C6706",3,0.487
"8:09:10",8.15,"C6706",3,0.488
"8:14:10",8.24,"C6706",3,0.489
"8:19:10",8.32,"C6706",3,0.49
"8:24:10",8.4,"C6706",3,0.491
"8:29:10",8.49,"C6706",3,0.493
"8:34:10",8.57,"C6706",3,0.494
"8:39:10",8.65,"C6706",3,0.495
"8:44:10",8.74,"C6706",3,0.496
"8:49:10",8.82,"C6706",3,0.497
"8:54:10",8.9,"C6706",3,0.498
"8:59:10",8.99,"C6706",3,0.501
"9:04:10",9.07,"C6706",3,0.502
"9:09:10",9.15,"C6706",3,0.503
"9:14:10",9.24,"C6706",3,0.504
"9:19:10",9.32,"C6706",3,0.505
"9:24:10",9.4,"C6706",3,0.507
"9:29:10",9.49,"C6706",3,0.507
"9:34:10",9.57,"C6706",3,0.508
"9:39:10",9.65,"C6706",3,0.509
"9:44:10",9.74,"C6706",3,0.51
"9:49:10",9.82,"C6706",3,0.511
"9:54:10",9.9,"C6706",3,0.512
"9:59:10",9.99,"C6706",3,0.513
"0:04:10",0.07,"LuxO",1,0.048
"0:09:10",0.15,"LuxO",1,0.051
"0:14:10",0.24,"LuxO",1,0.055
"0:19:10",0.32,"LuxO",1,0.055
"0:24:10",0.4,"LuxO",1,0.056
"0:29:10",0.49,"LuxO",1,0.058
"0:34:10",0.57,"LuxO",1,0.058
"0:39:10",0.65,"LuxO",1,0.057
"0:44:10",0.74,"LuxO",1,0.054
"0:49:10",0.82,"LuxO",1,0.053
"0:54:10",0.9,"LuxO",1,0.06
"0:59:10",0.99,"LuxO",1,0.047
"1:04:10",1.07,"LuxO",1,0.052
"1:09:10",1.15,"LuxO",1,0.051
"1:14:10",1.24,"LuxO",1,0.047
"1:19:10",1.32,"LuxO",1,0.049
"1:24:10",1.4,"LuxO",1,0.048
"1:29:10",1.49,"LuxO",1,0.054
"1:34:10",1.57,"LuxO",1,0.068
"1:39:10",1.65,"LuxO",1,0.055
"1:44:10",1.74,"LuxO",1,0.073
"1:49:10",1.82,"LuxO",1,0.061
"1:54:10",1.9,"LuxO",1,0.064
"1:59:10",1.99,"LuxO",1,0.067
"2:04:10",2.07,"LuxO",1,0.091
"2:09:10",2.15,"LuxO",1,0.091
"2:14:10",2.24,"LuxO",1,0.079
"2:19:10",2.32,"LuxO",1,0.083
"2:24:10",2.4,"LuxO",1,0.091
"2:29:10",2.49,"LuxO",1,0.082
"2:34:10",2.57,"LuxO",1,0.094
"2:39:10",2.65,"LuxO",1,0.098
"2:44:10",2.74,"LuxO",1,0.09
"2:49:10",2.82,"LuxO",1,0.112
"2:54:10",2.9,"LuxO",1,0.104
"2:59:10",2.99,"LuxO",1,0.111
"3:04:10",3.07,"LuxO",1,0.134
"3:09:10",3.15,"LuxO",1,0.145
"3:14:10",3.24,"LuxO",1,0.138
"3:19:10",3.32,"LuxO",1,0.15
"3:24:10",3.4,"LuxO",1,0.166
"3:29:10",3.49,"LuxO",1,0.191
"3:34:10",3.57,"LuxO",1,0.211
"3:39:10",3.65,"LuxO",1,0.228
"3:44:10",3.74,"LuxO",1,0.252
"3:49:10",3.82,"LuxO",1,0.279
"3:54:10",3.9,"LuxO",1,0.287
"3:59:10",3.99,"LuxO",1,0.296
"4:04:10",4.07,"LuxO",1,0.309
"4:09:10",4.15,"LuxO",1,0.321
"4:14:10",4.24,"LuxO",1,0.323
"4:19:10",4.32,"LuxO",1,0.323
"4:24:10",4.4,"LuxO",1,0.338
"4:29:10",4.49,"LuxO",1,0.339
"4:34:10",4.57,"LuxO",1,0.346
"4:39:10",4.65,"LuxO",1,0.349
"4:44:10",4.74,"LuxO",1,0.353
"4:49:10",4.82,"LuxO",1,0.356
"4:54:10",4.9,"LuxO",1,0.357
"4:59:10",4.99,"LuxO",1,0.361
"5:04:10",5.07,"LuxO",1,0.366
"5:09:10",5.15,"LuxO",1,0.367
"5:14:10",5.24,"LuxO",1,0.369
"5:19:10",5.32,"LuxO",1,0.37
"5:24:10",5.4,"LuxO",1,0.371
"5:29:10",5.49,"LuxO",1,0.372
"5:34:10",5.57,"LuxO",1,0.372
"5:39:10",5.65,"LuxO",1,0.364
"5:44:10",5.74,"LuxO",1,0.363
"5:49:10",5.82,"LuxO",1,0.363
"5:54:10",5.9,"LuxO",1,0.363
"5:59:10",5.99,"LuxO",1,0.365
"6:04:10",6.07,"LuxO",1,0.366
"6:09:10",6.15,"LuxO",1,0.367
"6:14:10",6.24,"LuxO",1,0.365
"6:19:10",6.32,"LuxO",1,0.364
"6:24:10",6.4,"LuxO",1,0.364
"6:29:10",6.49,"LuxO",1,0.364
"6:34:10",6.57,"LuxO",1,0.362
"6:39:10",6.65,"LuxO",1,0.362
"6:44:10",6.74,"LuxO",1,0.361
"6:49:10",6.82,"LuxO",1,0.361
"6:54:10",6.9,"LuxO",1,0.36
"6:59:10",6.99,"LuxO",1,0.361
"7:04:10",7.07,"LuxO",1,0.361
"7:09:10",7.15,"LuxO",1,0.36
"7:14:10",7.24,"LuxO",1,0.362
"7:19:10",7.32,"LuxO",1,0.363
"7:24:10",7.4,"LuxO",1,0.363
"7:29:10",7.49,"LuxO",1,0.364
"7:34:10",7.57,"LuxO",1,0.366
"7:39:10",7.65,"LuxO",1,0.366
"7:44:10",7.74,"LuxO",1,0.366
"7:49:10",7.82,"LuxO",1,0.368
"7:54:10",7.9,"LuxO",1,0.369
"7:59:10",7.99,"LuxO",1,0.37
"8:04:10",8.07,"LuxO",1,0.37
"8:09:10",8.15,"LuxO",1,0.372
"8:14:10",8.24,"LuxO",1,0.373
"8:19:10",8.32,"LuxO",1,0.375
"8:24:10",8.4,"LuxO",1,0.375
"8:29:10",8.49,"LuxO",1,0.376
"8:34:10",8.57,"LuxO",1,0.376
"8:39:10",8.65,"LuxO",1,0.376
"8:44:10",8.74,"LuxO",1,0.376
"8:49:10",8.82,"LuxO",1,0.377
"8:54:10",8.9,"LuxO",1,0.377
"8:59:10",8.99,"LuxO",1,0.378
"9:04:10",9.07,"LuxO",1,0.378
"9:09:10",9.15,"LuxO",1,0.38
"9:14:10",9.24,"LuxO",1,0.379
"9:19:10",9.32,"LuxO",1,0.38
"9:24:10",9.4,"LuxO",1,0.38
"9:29:10",9.49,"LuxO",1,0.381
"9:34:10",9.57,"LuxO",1,0.381
"9:39:10",9.65,"LuxO",1,0.382
"9:44:10",9.74,"LuxO",1,0.382
"9:49:10",9.82,"LuxO",1,0.384
"9:54:10",9.9,"LuxO",1,0.384
"9:59:10",9.99,"LuxO",1,0.384
"0:04:10",0.07,"LuxO",2,0.031
"0:09:10",0.15,"LuxO",2,0.035
"0:14:10",0.24,"LuxO",2,0.039
"0:19:10",0.32,"LuxO",2,0.041
"0:24:10",0.4,"LuxO",2,0.042
"0:29:10",0.49,"LuxO",2,0.042
"0:34:10",0.57,"LuxO",2,0.033
"0:39:10",0.65,"LuxO",2,0.038
"0:44:10",0.74,"LuxO",2,0.029
"0:49:10",0.82,"LuxO",2,0.037
"0:54:10",0.9,"LuxO",2,0.036
"0:59:10",0.99,"LuxO",2,0.032
"1:04:10",1.07,"LuxO",2,0.039
"1:09:10",1.15,"LuxO",2,0.031
"1:14:10",1.24,"LuxO",2,0.031
"1:19:10",1.32,"LuxO",2,0.045
"1:24:10",1.4,"LuxO",2,0.034
"1:29:10",1.49,"LuxO",2,0.035
"1:34:10",1.57,"LuxO",2,0.038
"1:39:10",1.65,"LuxO",2,0.043
"1:44:10",1.74,"LuxO",2,0.045
"1:49:10",1.82,"LuxO",2,0.043
"1:54:10",1.9,"LuxO",2,0.045
"1:59:10",1.99,"LuxO",2,0.055
"2:04:10",2.07,"LuxO",2,0.056
"2:09:10",2.15,"LuxO",2,0.056
"2:14:10",2.24,"LuxO",2,0.064
"2:19:10",2.32,"LuxO",2,0.071
"2:24:10",2.4,"LuxO",2,0.069
"2:29:10",2.49,"LuxO",2,0.071
"2:34:10",2.57,"LuxO",2,0.08
"2:39:10",2.65,"LuxO",2,0.088
"2:44:10",2.74,"LuxO",2,0.081
"2:49:10",2.82,"LuxO",2,0.086
"2:54:10",2.9,"LuxO",2,0.093
"2:59:10",2.99,"LuxO",2,0.1
"3:04:10",3.07,"LuxO",2,0.105
"3:09:10",3.15,"LuxO",2,0.111
"3:14:10",3.24,"LuxO",2,0.125
"3:19:10",3.32,"LuxO",2,0.136
"3:24:10",3.4,"LuxO",2,0.16
"3:29:10",3.49,"LuxO",2,0.178
"3:34:10",3.57,"LuxO",2,0.179
"3:39:10",3.65,"LuxO",2,0.199
"3:44:10",3.74,"LuxO",2,0.221
"3:49:10",3.82,"LuxO",2,0.246
"3:54:10",3.9,"LuxO",2,0.265
"3:59:10",3.99,"LuxO",2,0.289
"4:04:10",4.07,"LuxO",2,0.3
"4:09:10",4.15,"LuxO",2,0.31
"4:14:10",4.24,"LuxO",2,0.318
"4:19:10",4.32,"LuxO",2,0.329
"4:24:10",4.4,"LuxO",2,0.338
"4:29:10",4.49,"LuxO",2,0.344
"4:34:10",4.57,"LuxO",2,0.348
"4:39:10",4.65,"LuxO",2,0.355
"4:44:10",4.74,"LuxO",2,0.359
"4:49:10",4.82,"LuxO",2,0.36
"4:54:10",4.9,"LuxO",2,0.359
"4:59:10",4.99,"LuxO",2,0.364
"5:04:10",5.07,"LuxO",2,0.357
"5:09:10",5.15,"LuxO",2,0.361
"5:14:10",5.24,"LuxO",2,0.364
"5:19:10",5.32,"LuxO",2,0.367
"5:24:10",5.4,"LuxO",2,0.369
"5:29:10",5.49,"LuxO",2,0.371
"5:34:10",5.57,"LuxO",2,0.373
"5:39:10",5.65,"LuxO",2,0.374
"5:44:10",5.74,"LuxO",2,0.375
"5:49:10",5.82,"LuxO",2,0.377
"5:54:10",5.9,"LuxO",2,0.377
"5:59:10",5.99,"LuxO",2,0.377
"6:04:10",6.07,"LuxO",2,0.378
"6:09:10",6.15,"LuxO",2,0.378
"6:14:10",6.24,"LuxO",2,0.376
"6:19:10",6.32,"LuxO",2,0.376
"6:24:10",6.4,"LuxO",2,0.374
"6:29:10",6.49,"LuxO",2,0.371
"6:34:10",6.57,"LuxO",2,0.37
"6:39:10",6.65,"LuxO",2,0.37
"6:44:10",6.74,"LuxO",2,0.369
"6:49:10",6.82,"LuxO",2,0.368
"6:54:10",6.9,"LuxO",2,0.368
"6:59:10",6.99,"LuxO",2,0.367
"7:04:10",7.07,"LuxO",2,0.367
"7:09:10",7.15,"LuxO",2,0.366
"7:14:10",7.24,"LuxO",2,0.367
"7:19:10",7.32,"LuxO",2,0.368
"7:24:10",7.4,"LuxO",2,0.368
"7:29:10",7.49,"LuxO",2,0.368
"7:34:10",7.57,"LuxO",2,0.37
"7:39:10",7.65,"LuxO",2,0.37
"7:44:10",7.74,"LuxO",2,0.371
"7:49:10",7.82,"LuxO",2,0.372
"7:54:10",7.9,"LuxO",2,0.372
"7:59:10",7.99,"LuxO",2,0.373
"8:04:10",8.07,"LuxO",2,0.374
"8:09:10",8.15,"LuxO",2,0.375
"8:14:10",8.24,"LuxO",2,0.375
"8:19:10",8.32,"LuxO",2,0.376
"8:24:10",8.4,"LuxO",2,0.377
"8:29:10",8.49,"LuxO",2,0.378
"8:34:10",8.57,"LuxO",2,0.378
"8:39:10",8.65,"LuxO",2,0.379
"8:44:10",8.74,"LuxO",2,0.38
"8:49:10",8.82,"LuxO",2,0.382
"8:54:10",8.9,"LuxO",2,0.381
"8:59:10",8.99,"LuxO",2,0.382
"9:04:10",9.07,"LuxO",2,0.384
"9:09:10",9.15,"LuxO",2,0.383
"9:14:10",9.24,"LuxO",2,0.383
"9:19:10",9.32,"LuxO",2,0.384
"9:24:10",9.4,"LuxO",2,0.385
"9:29:10",9.49,"LuxO",2,0.385
"9:34:10",9.57,"LuxO",2,0.386
"9:39:10",9.65,"LuxO",2,0.389
"9:44:10",9.74,"LuxO",2,0.39
"9:49:10",9.82,"LuxO",2,0.388
"9:54:10",9.9,"LuxO",2,0.388
"9:59:10",9.99,"LuxO",2,0.389
"0:04:10",0.07,"LuxO",3,0.035
"0:09:10",0.15,"LuxO",3,0.039
"0:14:10",0.24,"LuxO",3,0.043
"0:19:10",0.32,"LuxO",3,0.045
"0:24:10",0.4,"LuxO",3,0.045
"0:29:10",0.49,"LuxO",3,0.046
"0:34:10",0.57,"LuxO",3,0.036
"0:39:10",0.65,"LuxO",3,0.047
"0:44:10",0.74,"LuxO",3,0.04
"0:49:10",0.82,"LuxO",3,0.048
"0:54:10",0.9,"LuxO",3,0.05
"0:59:10",0.99,"LuxO",3,0.037
"1:04:10",1.07,"LuxO",3,0.045
"1:09:10",1.15,"LuxO",3,0.035
"1:14:10",1.24,"LuxO",3,0.038
"1:19:10",1.32,"LuxO",3,0.046
"1:24:10",1.4,"LuxO",3,0.041
"1:29:10",1.49,"LuxO",3,0.04
"1:34:10",1.57,"LuxO",3,0.052
"1:39:10",1.65,"LuxO",3,0.056
"1:44:10",1.74,"LuxO",3,0.058
"1:49:10",1.82,"LuxO",3,0.059
"1:54:10",1.9,"LuxO",3,0.048
"1:59:10",1.99,"LuxO",3,0.051
"2:04:10",2.07,"LuxO",3,0.055
"2:09:10",2.15,"LuxO",3,0.061
"2:14:10",2.24,"LuxO",3,0.067
"2:19:10",2.32,"LuxO",3,0.07
"2:24:10",2.4,"LuxO",3,0.072
"2:29:10",2.49,"LuxO",3,0.071
"2:34:10",2.57,"LuxO",3,0.074
"2:39:10",2.65,"LuxO",3,0.073
"2:44:10",2.74,"LuxO",3,0.08
"2:49:10",2.82,"LuxO",3,0.094
"2:54:10",2.9,"LuxO",3,0.089
"2:59:10",2.99,"LuxO",3,0.1
"3:04:10",3.07,"LuxO",3,0.12
"3:09:10",3.15,"LuxO",3,0.112
"3:14:10",3.24,"LuxO",3,0.13
"3:19:10",3.32,"LuxO",3,0.144
"3:24:10",3.4,"LuxO",3,0.154
"3:29:10",3.49,"LuxO",3,0.17
"3:34:10",3.57,"LuxO",3,0.191
"3:39:10",3.65,"LuxO",3,0.203
"3:44:10",3.74,"LuxO",3,0.224
"3:49:10",3.82,"LuxO",3,0.24
"3:54:10",3.9,"LuxO",3,0.262
"3:59:10",3.99,"LuxO",3,0.284
"4:04:10",4.07,"LuxO",3,0.304
"4:09:10",4.15,"LuxO",3,0.313
"4:14:10",4.24,"LuxO",3,0.322
"4:19:10",4.32,"LuxO",3,0.33
"4:24:10",4.4,"LuxO",3,0.339
"4:29:10",4.49,"LuxO",3,0.347
"4:34:10",4.57,"LuxO",3,0.357
"4:39:10",4.65,"LuxO",3,0.352
"4:44:10",4.74,"LuxO",3,0.348
"4:49:10",4.82,"LuxO",3,0.358
"4:54:10",4.9,"LuxO",3,0.37
"4:59:10",4.99,"LuxO",3,0.372
"5:04:10",5.07,"LuxO",3,0.372
"5:09:10",5.15,"LuxO",3,0.377
"5:14:10",5.24,"LuxO",3,0.379
"5:19:10",5.32,"LuxO",3,0.383
"5:24:10",5.4,"LuxO",3,0.383
"5:29:10",5.49,"LuxO",3,0.386
"5:34:10",5.57,"LuxO",3,0.385
"5:39:10",5.65,"LuxO",3,0.388
"5:44:10",5.74,"LuxO",3,0.389
"5:49:10",5.82,"LuxO",3,0.384
"5:54:10",5.9,"LuxO",3,0.382
"5:59:10",5.99,"LuxO",3,0.381
"6:04:10",6.07,"LuxO",3,0.381
"6:09:10",6.15,"LuxO",3,0.382
"6:14:10",6.24,"LuxO",3,0.387
"6:19:10",6.32,"LuxO",3,0.379
"6:24:10",6.4,"LuxO",3,0.383
"6:29:10",6.49,"LuxO",3,0.377
"6:34:10",6.57,"LuxO",3,0.375
"6:39:10",6.65,"LuxO",3,0.373
"6:44:10",6.74,"LuxO",3,0.371
"6:49:10",6.82,"LuxO",3,0.371
"6:54:10",6.9,"LuxO",3,0.37
"6:59:10",6.99,"LuxO",3,0.37
"7:04:10",7.07,"LuxO",3,0.37
"7:09:10",7.15,"LuxO",3,0.37
"7:14:10",7.24,"LuxO",3,0.37
"7:19:10",7.32,"LuxO",3,0.371
"7:24:10",7.4,"LuxO",3,0.372
"7:29:10",7.49,"LuxO",3,0.372
"7:34:10",7.57,"LuxO",3,0.374
"7:39:10",7.65,"LuxO",3,0.375
"7:44:10",7.74,"LuxO",3,0.376
"7:49:10",7.82,"LuxO",3,0.377
"7:54:10",7.9,"LuxO",3,0.378
"7:59:10",7.99,"LuxO",3,0.378
"8:04:10",8.07,"LuxO",3,0.379
"8:09:10",8.15,"LuxO",3,0.381
"8:14:10",8.24,"LuxO",3,0.382
"8:19:10",8.32,"LuxO",3,0.383
"8:24:10",8.4,"LuxO",3,0.384
"8:29:10",8.49,"LuxO",3,0.385
"8:34:10",8.57,"LuxO",3,0.386
"8:39:10",8.65,"LuxO",3,0.387
"8:44:10",8.74,"LuxO",3,0.388
"8:49:10",8.82,"LuxO",3,0.389
"8:54:10",8.9,"LuxO",3,0.389
"8:59:10",8.99,"LuxO",3,0.391
"9:04:10",9.07,"LuxO",3,0.391
"9:09:10",9.15,"LuxO",3,0.392
"9:14:10",9.24,"LuxO",3,0.393
"9:19:10",9.32,"LuxO",3,0.394
"9:24:10",9.4,"LuxO",3,0.394
"9:29:10",9.49,"LuxO",3,0.396
"9:34:10",9.57,"LuxO",3,0.396
"9:39:10",9.65,"LuxO",3,0.398
"9:44:10",9.74,"LuxO",3,0.398
"9:49:10",9.82,"LuxO",3,0.399
"9:54:10",9.9,"LuxO",3,0.401
"9:59:10",9.99,"LuxO",3,0.401
"0:04:10",0.07,"C6706",4,0.036
"0:09:10",0.15,"C6706",4,0.043
"0:14:10",0.24,"C6706",4,0.039
"0:19:10",0.32,"C6706",4,0.044
"0:24:10",0.4,"C6706",4,0.039
"0:29:10",0.49,"C6706",4,0.021
"0:34:10",0.57,"C6706",4,0.02
"0:39:10",0.65,"C6706",4,0.021
"0:44:10",0.74,"C6706",4,0.02
"0:49:10",0.82,"C6706",4,0.02
"0:54:10",0.9,"C6706",4,0.021
"0:59:10",0.99,"C6706",4,0.021
"1:04:10",1.07,"C6706",4,0.022
"1:09:10",1.15,"C6706",4,0.024
"1:14:10",1.24,"C6706",4,0.022
"1:19:10",1.32,"C6706",4,0.023
"1:24:10",1.4,"C6706",4,0.025
"1:29:10",1.49,"C6706",4,0.025
"1:34:10",1.57,"C6706",4,0.025
"1:39:10",1.65,"C6706",4,0.027
"1:44:10",1.74,"C6706",4,0.029
"1:49:10",1.82,"C6706",4,0.035
"1:54:10",1.9,"C6706",4,0.043
"1:59:10",1.99,"C6706",4,0.044
"2:04:10",2.07,"C6706",4,0.041
"2:09:10",2.15,"C6706",4,0.049
"2:14:10",2.24,"C6706",4,0.054
"2:19:10",2.32,"C6706",4,0.055
"2:24:10",2.4,"C6706",4,0.058
"2:29:10",2.49,"C6706",4,0.062
"2:34:10",2.57,"C6706",4,0.064
"2:39:10",2.65,"C6706",4,0.071
"2:44:10",2.74,"C6706",4,0.078
"2:49:10",2.82,"C6706",4,0.084
"2:54:10",2.9,"C6706",4,0.099
"2:59:10",2.99,"C6706",4,0.104
"3:04:10",3.07,"C6706",4,0.115
"3:09:10",3.15,"C6706",4,0.126
"3:14:10",3.24,"C6706",4,0.144
"3:19:10",3.32,"C6706",4,0.161
"3:24:10",3.4,"C6706",4,0.182
"3:29:10",3.49,"C6706",4,0.205
"3:34:10",3.57,"C6706",4,0.229
"3:39:10",3.65,"C6706",4,0.246
"3:44:10",3.74,"C6706",4,0.264
"3:49:10",3.82,"C6706",4,0.278
"3:54:10",3.9,"C6706",4,0.288
"3:59:10",3.99,"C6706",4,0.298
"4:04:10",4.07,"C6706",4,0.308
"4:09:10",4.15,"C6706",4,0.322
"4:14:10",4.24,"C6706",4,0.331
"4:19:10",4.32,"C6706",4,0.343
"4:24:10",4.4,"C6706",4,0.352
"4:29:10",4.49,"C6706",4,0.361
"4:34:10",4.57,"C6706",4,0.365
"4:39:10",4.65,"C6706",4,0.374
"4:44:10",4.74,"C6706",4,0.38
"4:49:10",4.82,"C6706",4,0.387
"4:54:10",4.9,"C6706",4,0.394
"4:59:10",4.99,"C6706",4,0.402
"5:04:10",5.07,"C6706",4,0.412
"5:09:10",5.15,"C6706",4,0.418
"5:14:10",5.24,"C6706",4,0.422
"5:19:10",5.32,"C6706",4,0.427
"5:24:10",5.4,"C6706",4,0.432
"5:29:10",5.49,"C6706",4,0.437
"5:34:10",5.57,"C6706",4,0.44
"5:39:10",5.65,"C6706",4,0.443
"5:44:10",5.74,"C6706",4,0.447
"5:49:10",5.82,"C6706",4,0.45
"5:54:10",5.9,"C6706",4,0.452
"5:59:10",5.99,"C6706",4,0.454
"6:04:10",6.07,"C6706",4,0.457
"6:09:10",6.15,"C6706",4,0.459
"6:14:10",6.24,"C6706",4,0.461
"6:19:10",6.32,"C6706",4,0.464
"6:24:10",6.4,"C6706",4,0.464
"6:29:10",6.49,"C6706",4,0.466
"6:34:10",6.57,"C6706",4,0.467
"6:39:10",6.65,"C6706",4,0.468
"6:44:10",6.74,"C6706",4,0.47
"6:49:10",6.82,"C6706",4,0.47
"6:54:10",6.9,"C6706",4,0.471
"6:59:10",6.99,"C6706",4,0.472
"7:04:10",7.07,"C6706",4,0.472
"7:09:10",7.15,"C6706",4,0.473
"7:14:10",7.24,"C6706",4,0.474
"7:19:10",7.32,"C6706",4,0.474
"7:24:10",7.4,"C6706",4,0.475
"7:29:10",7.49,"C6706",4,0.475
"7:34:10",7.57,"C6706",4,0.476
"7:39:10",7.65,"C6706",4,0.477
"7:44:10",7.74,"C6706",4,0.478
"7:49:10",7.82,"C6706",4,0.479
"7:54:10",7.9,"C6706",4,0.479
"7:59:10",7.99,"C6706",4,0.48
"8:04:10",8.07,"C6706",4,0.482
"8:09:10",8.15,"C6706",4,0.481
"8:14:10",8.24,"C6706",4,0.483
"8:19:10",8.32,"C6706",4,0.486
"8:24:10",8.4,"C6706",4,0.488
"8:29:10",8.49,"C6706",4,0.489
"8:34:10",8.57,"C6706",4,0.491
"8:39:10",8.65,"C6706",4,0.492
"8:44:10",8.74,"C6706",4,0.493
"8:49:10",8.82,"C6706",4,0.494
"8:54:10",8.9,"C6706",4,0.496
"8:59:10",8.99,"C6706",4,0.496
"9:04:10",9.07,"C6706",4,0.498
"9:09:10",9.15,"C6706",4,0.498
"9:14:10",9.24,"C6706",4,0.499
"9:19:10",9.32,"C6706",4,0.5
"9:24:10",9.4,"C6706",4,0.501
"9:29:10",9.49,"C6706",4,0.501
"9:34:10",9.57,"C6706",4,0.502
"9:39:10",9.65,"C6706",4,0.504
"9:44:10",9.74,"C6706",4,0.505
"9:49:10",9.82,"C6706",4,0.505
"9:54:10",9.9,"C6706",4,0.506
"9:59:10",9.99,"C6706",4,0.507
"0:04:10",0.07,"C6706",5,0.039
"0:09:10",0.15,"C6706",5,0.045
"0:14:10",0.24,"C6706",5,0.046
"0:19:10",0.32,"C6706",5,0.054
"0:24:10",0.4,"C6706",5,0.032
"0:29:10",0.49,"C6706",5,0.034
"0:34:10",0.57,"C6706",5,0.035
"0:39:10",0.65,"C6706",5,0.045
"0:44:10",0.74,"C6706",5,0.033
"0:49:10",0.82,"C6706",5,0.031
"0:54:10",0.9,"C6706",5,0.036
"0:59:10",0.99,"C6706",5,0.051
"1:04:10",1.07,"C6706",5,0.055
"1:09:10",1.15,"C6706",5,0.037
"1:14:10",1.24,"C6706",5,0.047
"1:19:10",1.32,"C6706",5,0.034
"1:24:10",1.4,"C6706",5,0.04
"1:29:10",1.49,"C6706",5,0.033
"1:34:10",1.57,"C6706",5,0.034
"1:39:10",1.65,"C6706",5,0.035
"1:44:10",1.74,"C6706",5,0.037
"1:49:10",1.82,"C6706",5,0.04
"1:54:10",1.9,"C6706",5,0.043
"1:59:10",1.99,"C6706",5,0.046
"2:04:10",2.07,"C6706",5,0.057
"2:09:10",2.15,"C6706",5,0.055
"2:14:10",2.24,"C6706",5,0.062
"2:19:10",2.32,"C6706",5,0.068
"2:24:10",2.4,"C6706",5,0.07
"2:29:10",2.49,"C6706",5,0.072
"2:34:10",2.57,"C6706",5,0.076
"2:39:10",2.65,"C6706",5,0.082
"2:44:10",2.74,"C6706",5,0.097
"2:49:10",2.82,"C6706",5,0.1
"2:54:10",2.9,"C6706",5,0.114
"2:59:10",2.99,"C6706",5,0.12
"3:04:10",3.07,"C6706",5,0.138
"3:09:10",3.15,"C6706",5,0.154
"3:14:10",3.24,"C6706",5,0.168
"3:19:10",3.32,"C6706",5,0.192
"3:24:10",3.4,"C6706",5,0.208
"3:29:10",3.49,"C6706",5,0.223
"3:34:10",3.57,"C6706",5,0.243
"3:39:10",3.65,"C6706",5,0.259
"3:44:10",3.74,"C6706",5,0.27
"3:49:10",3.82,"C6706",5,0.283
"3:54:10",3.9,"C6706",5,0.294
"3:59:10",3.99,"C6706",5,0.304
"4:04:10",4.07,"C6706",5,0.315
"4:09:10",4.15,"C6706",5,0.324
"4:14:10",4.24,"C6706",5,0.333
"4:19:10",4.32,"C6706",5,0.343
"4:24:10",4.4,"C6706",5,0.351
"4:29:10",4.49,"C6706",5,0.357
"4:34:10",4.57,"C6706",5,0.365
"4:39:10",4.65,"C6706",5,0.371
"4:44:10",4.74,"C6706",5,0.377
"4:49:10",4.82,"C6706",5,0.386
"4:54:10",4.9,"C6706",5,0.393
"4:59:10",4.99,"C6706",5,0.403
"5:04:10",5.07,"C6706",5,0.409
"5:09:10",5.15,"C6706",5,0.414
"5:14:10",5.24,"C6706",5,0.419
"5:19:10",5.32,"C6706",5,0.423
"5:24:10",5.4,"C6706",5,0.429
"5:29:10",5.49,"C6706",5,0.435
"5:34:10",5.57,"C6706",5,0.439
"5:39:10",5.65,"C6706",5,0.443
"5:44:10",5.74,"C6706",5,0.447
"5:49:10",5.82,"C6706",5,0.449
"5:54:10",5.9,"C6706",5,0.453
"5:59:10",5.99,"C6706",5,0.455
"6:04:10",6.07,"C6706",5,0.457
"6:09:10",6.15,"C6706",5,0.459
"6:14:10",6.24,"C6706",5,0.461
"6:19:10",6.32,"C6706",5,0.462
"6:24:10",6.4,"C6706",5,0.463
"6:29:10",6.49,"C6706",5,0.464
"6:34:10",6.57,"C6706",5,0.464
"6:39:10",6.65,"C6706",5,0.465
"6:44:10",6.74,"C6706",5,0.466
"6:49:10",6.82,"C6706",5,0.467
"6:54:10",6.9,"C6706",5,0.469
"6:59:10",6.99,"C6706",5,0.469
"7:04:10",7.07,"C6706",5,0.469
"7:09:10",7.15,"C6706",5,0.47
"7:14:10",7.24,"C6706",5,0.47
"7:19:10",7.32,"C6706",5,0.471
"7:24:10",7.4,"C6706",5,0.471
"7:29:10",7.49,"C6706",5,0.472
"7:34:10",7.57,"C6706",5,0.472
"7:39:10",7.65,"C6706",5,0.473
"7:44:10",7.74,"C6706",5,0.473
"7:49:10",7.82,"C6706",5,0.475
"7:54:10",7.9,"C6706",5,0.475
"7:59:10",7.99,"C6706",5,0.476
"8:04:10",8.07,"C6706",5,0.477
"8:09:10",8.15,"C6706",5,0.478
"8:14:10",8.24,"C6706",5,0.48
"8:19:10",8.32,"C6706",5,0.48
"8:24:10",8.4,"C6706",5,0.482
"8:29:10",8.49,"C6706",5,0.483
"8:34:10",8.57,"C6706",5,0.484
"8:39:10",8.65,"C6706",5,0.485
"8:44:10",8.74,"C6706",5,0.486
"8:49:10",8.82,"C6706",5,0.487
"8:54:10",8.9,"C6706",5,0.488
"8:59:10",8.99,"C6706",5,0.489
"9:04:10",9.07,"C6706",5,0.491
"9:09:10",9.15,"C6706",5,0.492
"9:14:10",9.24,"C6706",5,0.493
"9:19:10",9.32,"C6706",5,0.494
"9:24:10",9.4,"C6706",5,0.496
"9:29:10",9.49,"C6706",5,0.497
"9:34:10",9.57,"C6706",5,0.498
"9:39:10",9.65,"C6706",5,0.499
"9:44:10",9.74,"C6706",5,0.501
"9:49:10",9.82,"C6706",5,0.502
"9:54:10",9.9,"C6706",5,0.503
"9:59:10",9.99,"C6706",5,0.504
"0:04:10",0.07,"C6706",6,0.041
"0:09:10",0.15,"C6706",6,0.047
"0:14:10",0.24,"C6706",6,0.043
"0:19:10",0.32,"C6706",6,0.058
"0:24:10",0.4,"C6706",6,0.03
"0:29:10",0.49,"C6706",6,0.029
"0:34:10",0.57,"C6706",6,0.034
"0:39:10",0.65,"C6706",6,0.026
"0:44:10",0.74,"C6706",6,0.026
"0:49:10",0.82,"C6706",6,0.027
"0:54:10",0.9,"C6706",6,0.027
"0:59:10",0.99,"C6706",6,0.028
"1:04:10",1.07,"C6706",6,0.029
"1:09:10",1.15,"C6706",6,0.029
"1:14:10",1.24,"C6706",6,0.03
"1:19:10",1.32,"C6706",6,0.031
"1:24:10",1.4,"C6706",6,0.031
"1:29:10",1.49,"C6706",6,0.032
"1:34:10",1.57,"C6706",6,0.034
"1:39:10",1.65,"C6706",6,0.035
"1:44:10",1.74,"C6706",6,0.036
"1:49:10",1.82,"C6706",6,0.047
"1:54:10",1.9,"C6706",6,0.048
"1:59:10",1.99,"C6706",6,0.054
"2:04:10",2.07,"C6706",6,0.057
"2:09:10",2.15,"C6706",6,0.061
"2:14:10",2.24,"C6706",6,0.072
"2:19:10",2.32,"C6706",6,0.074
"2:24:10",2.4,"C6706",6,0.075
"2:29:10",2.49,"C6706",6,0.073
"2:34:10",2.57,"C6706",6,0.082
"2:39:10",2.65,"C6706",6,0.088
"2:44:10",2.74,"C6706",6,0.096
"2:49:10",2.82,"C6706",6,0.105
"2:54:10",2.9,"C6706",6,0.116
"2:59:10",2.99,"C6706",6,0.126
"3:04:10",3.07,"C6706",6,0.141
"3:09:10",3.15,"C6706",6,0.157
"3:14:10",3.24,"C6706",6,0.177
"3:19:10",3.32,"C6706",6,0.197
"3:24:10",3.4,"C6706",6,0.208
"3:29:10",3.49,"C6706",6,0.234
"3:34:10",3.57,"C6706",6,0.249
"3:39:10",3.65,"C6706",6,0.264
"3:44:10",3.74,"C6706",6,0.277
"3:49:10",3.82,"C6706",6,0.295
"3:54:10",3.9,"C6706",6,0.305
"3:59:10",3.99,"C6706",6,0.315
"4:04:10",4.07,"C6706",6,0.324
"4:09:10",4.15,"C6706",6,0.335
"4:14:10",4.24,"C6706",6,0.343
"4:19:10",4.32,"C6706",6,0.355
"4:24:10",4.4,"C6706",6,0.365
"4:29:10",4.49,"C6706",6,0.373
"4:34:10",4.57,"C6706",6,0.38
"4:39:10",4.65,"C6706",6,0.386
"4:44:10",4.74,"C6706",6,0.393
"4:49:10",4.82,"C6706",6,0.401
"4:54:10",4.9,"C6706",6,0.409
"4:59:10",4.99,"C6706",6,0.419
"5:04:10",5.07,"C6706",6,0.425
"5:09:10",5.15,"C6706",6,0.43
"5:14:10",5.24,"C6706",6,0.434
"5:19:10",5.32,"C6706",6,0.44
"5:24:10",5.4,"C6706",6,0.444
"5:29:10",5.49,"C6706",6,0.449
"5:34:10",5.57,"C6706",6,0.453
"5:39:10",5.65,"C6706",6,0.457
"5:44:10",5.74,"C6706",6,0.459
"5:49:10",5.82,"C6706",6,0.462
"5:54:10",5.9,"C6706",6,0.463
"5:59:10",5.99,"C6706",6,0.466
"6:04:10",6.07,"C6706",6,0.467
"6:09:10",6.15,"C6706",6,0.469
"6:14:10",6.24,"C6706",6,0.471
"6:19:10",6.32,"C6706",6,0.473
"6:24:10",6.4,"C6706",6,0.473
"6:29:10",6.49,"C6706",6,0.474
"6:34:10",6.57,"C6706",6,0.476
"6:39:10",6.65,"C6706",6,0.477
"6:44:10",6.74,"C6706",6,0.478
"6:49:10",6.82,"C6706",6,0.479
"6:54:10",6.9,"C6706",6,0.479
"6:59:10",6.99,"C6706",6,0.48
"7:04:10",7.07,"C6706",6,0.481
"7:09:10",7.15,"C6706",6,0.481
"7:14:10",7.24,"C6706",6,0.481
"7:19:10",7.32,"C6706",6,0.482
"7:24:10",7.4,"C6706",6,0.483
"7:29:10",7.49,"C6706",6,0.484
"7:34:10",7.57,"C6706",6,0.484
"7:39:10",7.65,"C6706",6,0.486
"7:44:10",7.74,"C6706",6,0.487
"7:49:10",7.82,"C6706",6,0.488
"7:54:10",7.9,"C6706",6,0.488
"7:59:10",7.99,"C6706",6,0.489
"8:04:10",8.07,"C6706",6,0.49
"8:09:10",8.15,"C6706",6,0.491
"8:14:10",8.24,"C6706",6,0.492
"8:19:10",8.32,"C6706",6,0.494
"8:24:10",8.4,"C6706",6,0.495
"8:29:10",8.49,"C6706",6,0.496
"8:34:10",8.57,"C6706",6,0.497
"8:39:10",8.65,"C6706",6,0.498
"8:44:10",8.74,"C6706",6,0.5
"8:49:10",8.82,"C6706",6,0.502
"8:54:10",8.9,"C6706",6,0.504
"8:59:10",8.99,"C6706",6,0.505
"9:04:10",9.07,"C6706",6,0.506
"9:09:10",9.15,"C6706",6,0.508
"9:14:10",9.24,"C6706",6,0.509
"9:19:10",9.32,"C6706",6,0.51
"9:24:10",9.4,"C6706",6,0.511
"9:29:10",9.49,"C6706",6,0.512
"9:34:10",9.57,"C6706",6,0.513
"9:39:10",9.65,"C6706",6,0.514
"9:44:10",9.74,"C6706",6,0.515
"9:49:10",9.82,"C6706",6,0.515
"9:54:10",9.9,"C6706",6,0.516
"9:59:10",9.99,"C6706",6,0.517
"0:04:10",0.07,"LuxO",4,0.03
"0:09:10",0.15,"LuxO",4,0.034
"0:14:10",0.24,"LuxO",4,0.039
"0:19:10",0.32,"LuxO",4,0.039
"0:24:10",0.4,"LuxO",4,0.034
"0:29:10",0.49,"LuxO",4,0.04
"0:34:10",0.57,"LuxO",4,0.04
"0:39:10",0.65,"LuxO",4,0.049
"0:44:10",0.74,"LuxO",4,0.032
"0:49:10",0.82,"LuxO",4,0.04
"0:54:10",0.9,"LuxO",4,0.038
"0:59:10",0.99,"LuxO",4,0.049
"1:04:10",1.07,"LuxO",4,0.05
"1:09:10",1.15,"LuxO",4,0.053
"1:14:10",1.24,"LuxO",4,0.045
"1:19:10",1.32,"LuxO",4,0.055
"1:24:10",1.4,"LuxO",4,0.058
"1:29:10",1.49,"LuxO",4,0.049
"1:34:10",1.57,"LuxO",4,0.056
"1:39:10",1.65,"LuxO",4,0.057
"1:44:10",1.74,"LuxO",4,0.068
"1:49:10",1.82,"LuxO",4,0.058
"1:54:10",1.9,"LuxO",4,0.07
"1:59:10",1.99,"LuxO",4,0.08
"2:04:10",2.07,"LuxO",4,0.067
"2:09:10",2.15,"LuxO",4,0.07
"2:14:10",2.24,"LuxO",4,0.075
"2:19:10",2.32,"LuxO",4,0.072
"2:24:10",2.4,"LuxO",4,0.087
"2:29:10",2.49,"LuxO",4,0.072
"2:34:10",2.57,"LuxO",4,0.074
"2:39:10",2.65,"LuxO",4,0.082
"2:44:10",2.74,"LuxO",4,0.08
"2:49:10",2.82,"LuxO",4,0.086
"2:54:10",2.9,"LuxO",4,0.108
"2:59:10",2.99,"LuxO",4,0.114
"3:04:10",3.07,"LuxO",4,0.12
"3:09:10",3.15,"LuxO",4,0.116
"3:14:10",3.24,"LuxO",4,0.143
"3:19:10",3.32,"LuxO",4,0.159
"3:24:10",3.4,"LuxO",4,0.155
"3:29:10",3.49,"LuxO",4,0.187
"3:34:10",3.57,"LuxO",4,0.206
"3:39:10",3.65,"LuxO",4,0.211
"3:44:10",3.74,"LuxO",4,0.232
"3:49:10",3.82,"LuxO",4,0.254
"3:54:10",3.9,"LuxO",4,0.264
"3:59:10",3.99,"LuxO",4,0.278
"4:04:10",4.07,"LuxO",4,0.29
"4:09:10",4.15,"LuxO",4,0.3
"4:14:10",4.24,"LuxO",4,0.308
"4:19:10",4.32,"LuxO",4,0.319
"4:24:10",4.4,"LuxO",4,0.325
"4:29:10",4.49,"LuxO",4,0.327
"4:34:10",4.57,"LuxO",4,0.332
"4:39:10",4.65,"LuxO",4,0.336
"4:44:10",4.74,"LuxO",4,0.34
"4:49:10",4.82,"LuxO",4,0.342
"4:54:10",4.9,"LuxO",4,0.344
"4:59:10",4.99,"LuxO",4,0.349
"5:04:10",5.07,"LuxO",4,0.35
"5:09:10",5.15,"LuxO",4,0.354
"5:14:10",5.24,"LuxO",4,0.356
"5:19:10",5.32,"LuxO",4,0.36
"5:24:10",5.4,"LuxO",4,0.36
"5:29:10",5.49,"LuxO",4,0.362
"5:34:10",5.57,"LuxO",4,0.363
"5:39:10",5.65,"LuxO",4,0.363
"5:44:10",5.74,"LuxO",4,0.364
"5:49:10",5.82,"LuxO",4,0.364
"5:54:10",5.9,"LuxO",4,0.364
"5:59:10",5.99,"LuxO",4,0.364
"6:04:10",6.07,"LuxO",4,0.364
"6:09:10",6.15,"LuxO",4,0.363
"6:14:10",6.24,"LuxO",4,0.363
"6:19:10",6.32,"LuxO",4,0.363
"6:24:10",6.4,"LuxO",4,0.362
"6:29:10",6.49,"LuxO",4,0.352
"6:34:10",6.57,"LuxO",4,0.353
"6:39:10",6.65,"LuxO",4,0.352
"6:44:10",6.74,"LuxO",4,0.352
"6:49:10",6.82,"LuxO",4,0.351
"6:54:10",6.9,"LuxO",4,0.352
"6:59:10",6.99,"LuxO",4,0.351
"7:04:10",7.07,"LuxO",4,0.351
"7:09:10",7.15,"LuxO",4,0.353
"7:14:10",7.24,"LuxO",4,0.354
"7:19:10",7.32,"LuxO",4,0.353
"7:24:10",7.4,"LuxO",4,0.353
"7:29:10",7.49,"LuxO",4,0.354
"7:34:10",7.57,"LuxO",4,0.355
"7:39:10",7.65,"LuxO",4,0.355
"7:44:10",7.74,"LuxO",4,0.356
"7:49:10",7.82,"LuxO",4,0.358
"7:54:10",7.9,"LuxO",4,0.36
"7:59:10",7.99,"LuxO",4,0.36
"8:04:10",8.07,"LuxO",4,0.36
"8:09:10",8.15,"LuxO",4,0.361
"8:14:10",8.24,"LuxO",4,0.363
"8:19:10",8.32,"LuxO",4,0.364
"8:24:10",8.4,"LuxO",4,0.365
"8:29:10",8.49,"LuxO",4,0.365
"8:34:10",8.57,"LuxO",4,0.365
"8:39:10",8.65,"LuxO",4,0.366
"8:44:10",8.74,"LuxO",4,0.369
"8:49:10",8.82,"LuxO",4,0.369
"8:54:10",8.9,"LuxO",4,0.369
"8:59:10",8.99,"LuxO",4,0.371
"9:04:10",9.07,"LuxO",4,0.37
"9:09:10",9.15,"LuxO",4,0.371
"9:14:10",9.24,"LuxO",4,0.372
"9:19:10",9.32,"LuxO",4,0.372
"9:24:10",9.4,"LuxO",4,0.373
"9:29:10",9.49,"LuxO",4,0.373
"9:34:10",9.57,"LuxO",4,0.375
"9:39:10",9.65,"LuxO",4,0.375
"9:44:10",9.74,"LuxO",4,0.376
"9:49:10",9.82,"LuxO",4,0.377
"9:54:10",9.9,"LuxO",4,0.377
"9:59:10",9.99,"LuxO",4,0.377
"0:04:10",0.07,"LuxO",5,0.023
"0:09:10",0.15,"LuxO",5,0.027
"0:14:10",0.24,"LuxO",5,0.03
"0:19:10",0.32,"LuxO",5,0.028
"0:24:10",0.4,"LuxO",5,0.03
"0:29:10",0.49,"LuxO",5,0.033
"0:34:10",0.57,"LuxO",5,0.021
"0:39:10",0.65,"LuxO",5,0.021
"0:44:10",0.74,"LuxO",5,0.023
"0:49:10",0.82,"LuxO",5,0.025
"0:54:10",0.9,"LuxO",5,0.026
"0:59:10",0.99,"LuxO",5,0.024
"1:04:10",1.07,"LuxO",5,0.03
"1:09:10",1.15,"LuxO",5,0.024
"1:14:10",1.24,"LuxO",5,0.031
"1:19:10",1.32,"LuxO",5,0.026
"1:24:10",1.4,"LuxO",5,0.027
"1:29:10",1.49,"LuxO",5,0.032
"1:34:10",1.57,"LuxO",5,0.037
"1:39:10",1.65,"LuxO",5,0.05
"1:44:10",1.74,"LuxO",5,0.044
"1:49:10",1.82,"LuxO",5,0.048
"1:54:10",1.9,"LuxO",5,0.04
"1:59:10",1.99,"LuxO",5,0.064
"2:04:10",2.07,"LuxO",5,0.046
"2:09:10",2.15,"LuxO",5,0.05
"2:14:10",2.24,"LuxO",5,0.056
"2:19:10",2.32,"LuxO",5,0.065
"2:24:10",2.4,"LuxO",5,0.064
"2:29:10",2.49,"LuxO",5,0.067
"2:34:10",2.57,"LuxO",5,0.07
"2:39:10",2.65,"LuxO",5,0.073
"2:44:10",2.74,"LuxO",5,0.09
"2:49:10",2.82,"LuxO",5,0.08
"2:54:10",2.9,"LuxO",5,0.1
"2:59:10",2.99,"LuxO",5,0.093
"3:04:10",3.07,"LuxO",5,0.115
"3:09:10",3.15,"LuxO",5,0.109
"3:14:10",3.24,"LuxO",5,0.117
"3:19:10",3.32,"LuxO",5,0.133
"3:24:10",3.4,"LuxO",5,0.153
"3:29:10",3.49,"LuxO",5,0.169
"3:34:10",3.57,"LuxO",5,0.192
"3:39:10",3.65,"LuxO",5,0.2
"3:44:10",3.74,"LuxO",5,0.217
"3:49:10",3.82,"LuxO",5,0.253
"3:54:10",3.9,"LuxO",5,0.269
"3:59:10",3.99,"LuxO",5,0.281
"4:04:10",4.07,"LuxO",5,0.29
"4:09:10",4.15,"LuxO",5,0.305
"4:14:10",4.24,"LuxO",5,0.321
"4:19:10",4.32,"LuxO",5,0.32
"4:24:10",4.4,"LuxO",5,0.333
"4:29:10",4.49,"LuxO",5,0.329
"4:34:10",4.57,"LuxO",5,0.346
"4:39:10",4.65,"LuxO",5,0.351
"4:44:10",4.74,"LuxO",5,0.356
"4:49:10",4.82,"LuxO",5,0.358
"4:54:10",4.9,"LuxO",5,0.359
"4:59:10",4.99,"LuxO",5,0.363
"5:04:10",5.07,"LuxO",5,0.364
"5:09:10",5.15,"LuxO",5,0.366
"5:14:10",5.24,"LuxO",5,0.366
"5:19:10",5.32,"LuxO",5,0.368
"5:24:10",5.4,"LuxO",5,0.36
"5:29:10",5.49,"LuxO",5,0.363
"5:34:10",5.57,"LuxO",5,0.364
"5:39:10",5.65,"LuxO",5,0.366
"5:44:10",5.74,"LuxO",5,0.368
"5:49:10",5.82,"LuxO",5,0.37
"5:54:10",5.9,"LuxO",5,0.37
"5:59:10",5.99,"LuxO",5,0.371
"6:04:10",6.07,"LuxO",5,0.371
"6:09:10",6.15,"LuxO",5,0.372
"6:14:10",6.24,"LuxO",5,0.372
"6:19:10",6.32,"LuxO",5,0.371
"6:24:10",6.4,"LuxO",5,0.37
"6:29:10",6.49,"LuxO",5,0.369
"6:34:10",6.57,"LuxO",5,0.367
"6:39:10",6.65,"LuxO",5,0.366
"6:44:10",6.74,"LuxO",5,0.364
"6:49:10",6.82,"LuxO",5,0.363
"6:54:10",6.9,"LuxO",5,0.362
"6:59:10",6.99,"LuxO",5,0.362
"7:04:10",7.07,"LuxO",5,0.362
"7:09:10",7.15,"LuxO",5,0.362
"7:14:10",7.24,"LuxO",5,0.362
"7:19:10",7.32,"LuxO",5,0.362
"7:24:10",7.4,"LuxO",5,0.362
"7:29:10",7.49,"LuxO",5,0.363
"7:34:10",7.57,"LuxO",5,0.364
"7:39:10",7.65,"LuxO",5,0.364
"7:44:10",7.74,"LuxO",5,0.365
"7:49:10",7.82,"LuxO",5,0.366
"7:54:10",7.9,"LuxO",5,0.367
"7:59:10",7.99,"LuxO",5,0.368
"8:04:10",8.07,"LuxO",5,0.368
"8:09:10",8.15,"LuxO",5,0.369
"8:14:10",8.24,"LuxO",5,0.37
"8:19:10",8.32,"LuxO",5,0.371
"8:24:10",8.4,"LuxO",5,0.373
"8:29:10",8.49,"LuxO",5,0.373
"8:34:10",8.57,"LuxO",5,0.374
"8:39:10",8.65,"LuxO",5,0.375
"8:44:10",8.74,"LuxO",5,0.375
"8:49:10",8.82,"LuxO",5,0.375
"8:54:10",8.9,"LuxO",5,0.377
"8:59:10",8.99,"LuxO",5,0.377
"9:04:10",9.07,"LuxO",5,0.377
"9:09:10",9.15,"LuxO",5,0.378
"9:14:10",9.24,"LuxO",5,0.378
"9:19:10",9.32,"LuxO",5,0.379
"9:24:10",9.4,"LuxO",5,0.379
"9:29:10",9.49,"LuxO",5,0.38
"9:34:10",9.57,"LuxO",5,0.38
"9:39:10",9.65,"LuxO",5,0.382
"9:44:10",9.74,"LuxO",5,0.382
"9:49:10",9.82,"LuxO",5,0.382
"9:54:10",9.9,"LuxO",5,0.383
"9:59:10",9.99,"LuxO",5,0.384
"0:04:10",0.07,"LuxO",6,0.03
"0:09:10",0.15,"LuxO",6,0.035
"0:14:10",0.24,"LuxO",6,0.039
"0:19:10",0.32,"LuxO",6,0.04
"0:24:10",0.4,"LuxO",6,0.04
"0:29:10",0.49,"LuxO",6,0.043
"0:34:10",0.57,"LuxO",6,0.048
"0:39:10",0.65,"LuxO",6,0.043
"0:44:10",0.74,"LuxO",6,0.039
"0:49:10",0.82,"LuxO",6,0.038
"0:54:10",0.9,"LuxO",6,0.048
"0:59:10",0.99,"LuxO",6,0.047
"1:04:10",1.07,"LuxO",6,0.048
"1:09:10",1.15,"LuxO",6,0.043
"1:14:10",1.24,"LuxO",6,0.048
"1:19:10",1.32,"LuxO",6,0.049
"1:24:10",1.4,"LuxO",6,0.059
"1:29:10",1.49,"LuxO",6,0.047
"1:34:10",1.57,"LuxO",6,0.053
"1:39:10",1.65,"LuxO",6,0.062
"1:44:10",1.74,"LuxO",6,0.066
"1:49:10",1.82,"LuxO",6,0.067
"1:54:10",1.9,"LuxO",6,0.061
"1:59:10",1.99,"LuxO",6,0.059
"2:04:10",2.07,"LuxO",6,0.055
"2:09:10",2.15,"LuxO",6,0.064
"2:14:10",2.24,"LuxO",6,0.088
"2:19:10",2.32,"LuxO",6,0.07
"2:24:10",2.4,"LuxO",6,0.07
"2:29:10",2.49,"LuxO",6,0.074
"2:34:10",2.57,"LuxO",6,0.072
"2:39:10",2.65,"LuxO",6,0.078
"2:44:10",2.74,"LuxO",6,0.082
"2:49:10",2.82,"LuxO",6,0.104
"2:54:10",2.9,"LuxO",6,0.094
"2:59:10",2.99,"LuxO",6,0.11
"3:04:10",3.07,"LuxO",6,0.121
"3:09:10",3.15,"LuxO",6,0.131
"3:14:10",3.24,"LuxO",6,0.142
"3:19:10",3.32,"LuxO",6,0.149
"3:24:10",3.4,"LuxO",6,0.167
"3:29:10",3.49,"LuxO",6,0.175
"3:34:10",3.57,"LuxO",6,0.192
"3:39:10",3.65,"LuxO",6,0.217
"3:44:10",3.74,"LuxO",6,0.231
"3:49:10",3.82,"LuxO",6,0.268
"3:54:10",3.9,"LuxO",6,0.28
"3:59:10",3.99,"LuxO",6,0.284
"4:04:10",4.07,"LuxO",6,0.297
"4:09:10",4.15,"LuxO",6,0.319
"4:14:10",4.24,"LuxO",6,0.325
"4:19:10",4.32,"LuxO",6,0.324
"4:24:10",4.4,"LuxO",6,0.337
"4:29:10",4.49,"LuxO",6,0.343
"4:34:10",4.57,"LuxO",6,0.342
"4:39:10",4.65,"LuxO",6,0.346
"4:44:10",4.74,"LuxO",6,0.35
"4:49:10",4.82,"LuxO",6,0.352
"4:54:10",4.9,"LuxO",6,0.354
"4:59:10",4.99,"LuxO",6,0.356
"5:04:10",5.07,"LuxO",6,0.359
"5:09:10",5.15,"LuxO",6,0.362
"5:14:10",5.24,"LuxO",6,0.361
"5:19:10",5.32,"LuxO",6,0.356
"5:24:10",5.4,"LuxO",6,0.358
"5:29:10",5.49,"LuxO",6,0.361
"5:34:10",5.57,"LuxO",6,0.363
"5:39:10",5.65,"LuxO",6,0.364
"5:44:10",5.74,"LuxO",6,0.367
"5:49:10",5.82,"LuxO",6,0.367
"5:54:10",5.9,"LuxO",6,0.367
"5:59:10",5.99,"LuxO",6,0.368
"6:04:10",6.07,"LuxO",6,0.367
"6:09:10",6.15,"LuxO",6,0.366
"6:14:10",6.24,"LuxO",6,0.365
"6:19:10",6.32,"LuxO",6,0.364
"6:24:10",6.4,"LuxO",6,0.364
"6:29:10",6.49,"LuxO",6,0.364
"6:34:10",6.57,"LuxO",6,0.362
"6:39:10",6.65,"LuxO",6,0.362
"6:44:10",6.74,"LuxO",6,0.359
"6:49:10",6.82,"LuxO",6,0.356
"6:54:10",6.9,"LuxO",6,0.353
"6:59:10",6.99,"LuxO",6,0.352
"7:04:10",7.07,"LuxO",6,0.353
"7:09:10",7.15,"LuxO",6,0.353
"7:14:10",7.24,"LuxO",6,0.353
"7:19:10",7.32,"LuxO",6,0.354
"7:24:10",7.4,"LuxO",6,0.356
"7:29:10",7.49,"LuxO",6,0.357
"7:34:10",7.57,"LuxO",6,0.359
"7:39:10",7.65,"LuxO",6,0.359
"7:44:10",7.74,"LuxO",6,0.361
"7:49:10",7.82,"LuxO",6,0.362
"7:54:10",7.9,"LuxO",6,0.363
"7:59:10",7.99,"LuxO",6,0.364
"8:04:10",8.07,"LuxO",6,0.365
"8:09:10",8.15,"LuxO",6,0.366
"8:14:10",8.24,"LuxO",6,0.366
"8:19:10",8.32,"LuxO",6,0.368
"8:24:10",8.4,"LuxO",6,0.369
"8:29:10",8.49,"LuxO",6,0.369
"8:34:10",8.57,"LuxO",6,0.37
"8:39:10",8.65,"LuxO",6,0.371
"8:44:10",8.74,"LuxO",6,0.372
"8:49:10",8.82,"LuxO",6,0.372
"8:54:10",8.9,"LuxO",6,0.373
"8:59:10",8.99,"LuxO",6,0.373
"9:04:10",9.07,"LuxO",6,0.372
"9:09:10",9.15,"LuxO",6,0.373
"9:14:10",9.24,"LuxO",6,0.375
"9:19:10",9.32,"LuxO",6,0.373
"9:24:10",9.4,"LuxO",6,0.375
"9:29:10",9.49,"LuxO",6,0.375
"9:34:10",9.57,"LuxO",6,0.376
"9:39:10",9.65,"LuxO",6,0.377
"9:44:10",9.74,"LuxO",6,0.377
"9:49:10",9.82,"LuxO",6,0.378
"9:54:10",9.9,"LuxO",6,0.378
"9:59:10",9.99,"LuxO",6,0.378
"0:04:10",0.07,"C6706",7,0.036
"0:09:10",0.15,"C6706",7,0.041
"0:14:10",0.24,"C6706",7,0.045
"0:19:10",0.32,"C6706",7,0.049
"0:24:10",0.4,"C6706",7,0.046
"0:29:10",0.49,"C6706",7,0.037
"0:34:10",0.57,"C6706",7,0.04
"0:39:10",0.65,"C6706",7,0.035
"0:44:10",0.74,"C6706",7,0.047
"0:49:10",0.82,"C6706",7,0.047
"0:54:10",0.9,"C6706",7,0.045
"0:59:10",0.99,"C6706",7,0.041
"1:04:10",1.07,"C6706",7,0.044
"1:09:10",1.15,"C6706",7,0.048
"1:14:10",1.24,"C6706",7,0.051
"1:19:10",1.32,"C6706",7,0.05
"1:24:10",1.4,"C6706",7,0.044
"1:29:10",1.49,"C6706",7,0.051
"1:34:10",1.57,"C6706",7,0.051
"1:39:10",1.65,"C6706",7,0.046
"1:44:10",1.74,"C6706",7,0.053
"1:49:10",1.82,"C6706",7,0.056
"1:54:10",1.9,"C6706",7,0.057
"1:59:10",1.99,"C6706",7,0.06
"2:04:10",2.07,"C6706",7,0.062
"2:09:10",2.15,"C6706",7,0.064
"2:14:10",2.24,"C6706",7,0.068
"2:19:10",2.32,"C6706",7,0.067
"2:24:10",2.4,"C6706",7,0.067
"2:29:10",2.49,"C6706",7,0.067
"2:34:10",2.57,"C6706",7,0.067
"2:39:10",2.65,"C6706",7,0.071
"2:44:10",2.74,"C6706",7,0.071
"2:49:10",2.82,"C6706",7,0.08
"2:54:10",2.9,"C6706",7,0.078
"2:59:10",2.99,"C6706",7,0.089
"3:04:10",3.07,"C6706",7,0.099
"3:09:10",3.15,"C6706",7,0.106
"3:14:10",3.24,"C6706",7,0.119
"3:19:10",3.32,"C6706",7,0.138
"3:24:10",3.4,"C6706",7,0.154
"3:29:10",3.49,"C6706",7,0.176
"3:34:10",3.57,"C6706",7,0.2
"3:39:10",3.65,"C6706",7,0.222
"3:44:10",3.74,"C6706",7,0.241
"3:49:10",3.82,"C6706",7,0.254
"3:54:10",3.9,"C6706",7,0.262
"3:59:10",3.99,"C6706",7,0.273
"4:04:10",4.07,"C6706",7,0.288
"4:09:10",4.15,"C6706",7,0.299
"4:14:10",4.24,"C6706",7,0.305
"4:19:10",4.32,"C6706",7,0.317
"4:24:10",4.4,"C6706",7,0.324
"4:29:10",4.49,"C6706",7,0.331
"4:34:10",4.57,"C6706",7,0.341
"4:39:10",4.65,"C6706",7,0.347
"4:44:10",4.74,"C6706",7,0.352
"4:49:10",4.82,"C6706",7,0.364
"4:54:10",4.9,"C6706",7,0.371
"4:59:10",4.99,"C6706",7,0.378
"5:04:10",5.07,"C6706",7,0.384
"5:09:10",5.15,"C6706",7,0.392
"5:14:10",5.24,"C6706",7,0.399
"5:19:10",5.32,"C6706",7,0.404
"5:24:10",5.4,"C6706",7,0.406
"5:29:10",5.49,"C6706",7,0.411
"5:34:10",5.57,"C6706",7,0.416
"5:39:10",5.65,"C6706",7,0.419
"5:44:10",5.74,"C6706",7,0.424
"5:49:10",5.82,"C6706",7,0.428
"5:54:10",5.9,"C6706",7,0.433
"5:59:10",5.99,"C6706",7,0.437
"6:04:10",6.07,"C6706",7,0.44
"6:09:10",6.15,"C6706",7,0.444
"6:14:10",6.24,"C6706",7,0.446
"6:19:10",6.32,"C6706",7,0.448
"6:24:10",6.4,"C6706",7,0.449
"6:29:10",6.49,"C6706",7,0.45
"6:34:10",6.57,"C6706",7,0.452
"6:39:10",6.65,"C6706",7,0.454
"6:44:10",6.74,"C6706",7,0.455
"6:49:10",6.82,"C6706",7,0.456
"6:54:10",6.9,"C6706",7,0.457
"6:59:10",6.99,"C6706",7,0.458
"7:04:10",7.07,"C6706",7,0.459
"7:09:10",7.15,"C6706",7,0.46
"7:14:10",7.24,"C6706",7,0.461
"7:19:10",7.32,"C6706",7,0.462
"7:24:10",7.4,"C6706",7,0.463
"7:29:10",7.49,"C6706",7,0.463
"7:34:10",7.57,"C6706",7,0.464
"7:39:10",7.65,"C6706",7,0.464
"7:44:10",7.74,"C6706",7,0.465
"7:49:10",7.82,"C6706",7,0.465
"7:54:10",7.9,"C6706",7,0.466
"7:59:10",7.99,"C6706",7,0.467
"8:04:10",8.07,"C6706",7,0.468
"8:09:10",8.15,"C6706",7,0.468
"8:14:10",8.24,"C6706",7,0.47
"8:19:10",8.32,"C6706",7,0.47
"8:24:10",8.4,"C6706",7,0.471
"8:29:10",8.49,"C6706",7,0.472
"8:34:10",8.57,"C6706",7,0.474
"8:39:10",8.65,"C6706",7,0.475
"8:44:10",8.74,"C6706",7,0.476
"8:49:10",8.82,"C6706",7,0.478
"8:54:10",8.9,"C6706",7,0.48
"8:59:10",8.99,"C6706",7,0.481
"9:04:10",9.07,"C6706",7,0.483
"9:09:10",9.15,"C6706",7,0.484
"9:14:10",9.24,"C6706",7,0.485
"9:19:10",9.32,"C6706",7,0.486
"9:24:10",9.4,"C6706",7,0.488
"9:29:10",9.49,"C6706",7,0.489
"9:34:10",9.57,"C6706",7,0.49
"9:39:10",9.65,"C6706",7,0.491
"9:44:10",9.74,"C6706",7,0.492
"9:49:10",9.82,"C6706",7,0.493
"9:54:10",9.9,"C6706",7,0.494
"9:59:10",9.99,"C6706",7,0.495
"0:04:10",0.07,"C6706",8,0.031
"0:09:10",0.15,"C6706",8,0.031
"0:14:10",0.24,"C6706",8,0.029
"0:19:10",0.32,"C6706",8,0.037
"0:24:10",0.4,"C6706",8,0.023
"0:29:10",0.49,"C6706",8,0.03
"0:34:10",0.57,"C6706",8,0.029
"0:39:10",0.65,"C6706",8,0.032
"0:44:10",0.74,"C6706",8,0.022
"0:49:10",0.82,"C6706",8,0.023
"0:54:10",0.9,"C6706",8,0.022
"0:59:10",0.99,"C6706",8,0.023
"1:04:10",1.07,"C6706",8,0.023
"1:09:10",1.15,"C6706",8,0.024
"1:14:10",1.24,"C6706",8,0.024
"1:19:10",1.32,"C6706",8,0.024
"1:24:10",1.4,"C6706",8,0.024
"1:29:10",1.49,"C6706",8,0.025
"1:34:10",1.57,"C6706",8,0.026
"1:39:10",1.65,"C6706",8,0.027
"1:44:10",1.74,"C6706",8,0.029
"1:49:10",1.82,"C6706",8,0.03
"1:54:10",1.9,"C6706",8,0.032
"1:59:10",1.99,"C6706",8,0.034
"2:04:10",2.07,"C6706",8,0.037
"2:09:10",2.15,"C6706",8,0.041
"2:14:10",2.24,"C6706",8,0.043
"2:19:10",2.32,"C6706",8,0.05
"2:24:10",2.4,"C6706",8,0.053
"2:29:10",2.49,"C6706",8,0.053
"2:34:10",2.57,"C6706",8,0.056
"2:39:10",2.65,"C6706",8,0.058
"2:44:10",2.74,"C6706",8,0.066
"2:49:10",2.82,"C6706",8,0.07
"2:54:10",2.9,"C6706",8,0.075
"2:59:10",2.99,"C6706",8,0.085
"3:04:10",3.07,"C6706",8,0.089
"3:09:10",3.15,"C6706",8,0.098
"3:14:10",3.24,"C6706",8,0.116
"3:19:10",3.32,"C6706",8,0.13
"3:24:10",3.4,"C6706",8,0.141
"3:29:10",3.49,"C6706",8,0.158
"3:34:10",3.57,"C6706",8,0.176
"3:39:10",3.65,"C6706",8,0.2
"3:44:10",3.74,"C6706",8,0.226
"3:49:10",3.82,"C6706",8,0.245
"3:54:10",3.9,"C6706",8,0.26
"3:59:10",3.99,"C6706",8,0.274
"4:04:10",4.07,"C6706",8,0.286
"4:09:10",4.15,"C6706",8,0.297
"4:14:10",4.24,"C6706",8,0.305
"4:19:10",4.32,"C6706",8,0.317
"4:24:10",4.4,"C6706",8,0.327
"4:29:10",4.49,"C6706",8,0.336
"4:34:10",4.57,"C6706",8,0.343
"4:39:10",4.65,"C6706",8,0.352
"4:44:10",4.74,"C6706",8,0.358
"4:49:10",4.82,"C6706",8,0.366
"4:54:10",4.9,"C6706",8,0.372
"4:59:10",4.99,"C6706",8,0.379
"5:04:10",5.07,"C6706",8,0.387
"5:09:10",5.15,"C6706",8,0.394
"5:14:10",5.24,"C6706",8,0.402
"5:19:10",5.32,"C6706",8,0.406
"5:24:10",5.4,"C6706",8,0.411
"5:29:10",5.49,"C6706",8,0.417
"5:34:10",5.57,"C6706",8,0.421
"5:39:10",5.65,"C6706",8,0.427
"5:44:10",5.74,"C6706",8,0.431
"5:49:10",5.82,"C6706",8,0.436
"5:54:10",5.9,"C6706",8,0.439
"5:59:10",5.99,"C6706",8,0.442
"6:04:10",6.07,"C6706",8,0.444
"6:09:10",6.15,"C6706",8,0.448
"6:14:10",6.24,"C6706",8,0.45
"6:19:10",6.32,"C6706",8,0.453
"6:24:10",6.4,"C6706",8,0.454
"6:29:10",6.49,"C6706",8,0.457
"6:34:10",6.57,"C6706",8,0.459
"6:39:10",6.65,"C6706",8,0.461
"6:44:10",6.74,"C6706",8,0.462
"6:49:10",6.82,"C6706",8,0.462
"6:54:10",6.9,"C6706",8,0.464
"6:59:10",6.99,"C6706",8,0.465
"7:04:10",7.07,"C6706",8,0.466
"7:09:10",7.15,"C6706",8,0.467
"7:14:10",7.24,"C6706",8,0.468
"7:19:10",7.32,"C6706",8,0.469
"7:24:10",7.4,"C6706",8,0.47
"7:29:10",7.49,"C6706",8,0.47
"7:34:10",7.57,"C6706",8,0.471
"7:39:10",7.65,"C6706",8,0.471
"7:44:10",7.74,"C6706",8,0.472
"7:49:10",7.82,"C6706",8,0.472
"7:54:10",7.9,"C6706",8,0.473
"7:59:10",7.99,"C6706",8,0.474
"8:04:10",8.07,"C6706",8,0.474
"8:09:10",8.15,"C6706",8,0.476
"8:14:10",8.24,"C6706",8,0.476
"8:19:10",8.32,"C6706",8,0.477
"8:24:10",8.4,"C6706",8,0.478
"8:29:10",8.49,"C6706",8,0.479
"8:34:10",8.57,"C6706",8,0.481
"8:39:10",8.65,"C6706",8,0.482
"8:44:10",8.74,"C6706",8,0.483
"8:49:10",8.82,"C6706",8,0.484
"8:54:10",8.9,"C6706",8,0.485
"8:59:10",8.99,"C6706",8,0.486
"9:04:10",9.07,"C6706",8,0.488
"9:09:10",9.15,"C6706",8,0.488
"9:14:10",9.24,"C6706",8,0.489
"9:19:10",9.32,"C6706",8,0.49
"9:24:10",9.4,"C6706",8,0.491
"9:29:10",9.49,"C6706",8,0.493
"9:34:10",9.57,"C6706",8,0.494
"9:39:10",9.65,"C6706",8,0.495
"9:44:10",9.74,"C6706",8,0.496
"9:49:10",9.82,"C6706",8,0.497
"9:54:10",9.9,"C6706",8,0.498
"9:59:10",9.99,"C6706",8,0.499
"0:04:10",0.07,"C6706",9,0.038
"0:09:10",0.15,"C6706",9,0.042
"0:14:10",0.24,"C6706",9,0.046
"0:19:10",0.32,"C6706",9,0.049
"0:24:10",0.4,"C6706",9,0.045
"0:29:10",0.49,"C6706",9,0.037
"0:34:10",0.57,"C6706",9,0.035
"0:39:10",0.65,"C6706",9,0.039
"0:44:10",0.74,"C6706",9,0.036
"0:49:10",0.82,"C6706",9,0.041
"0:54:10",0.9,"C6706",9,0.048
"0:59:10",0.99,"C6706",9,0.051
"1:04:10",1.07,"C6706",9,0.052
"1:09:10",1.15,"C6706",9,0.052
"1:14:10",1.24,"C6706",9,0.046
"1:19:10",1.32,"C6706",9,0.051
"1:24:10",1.4,"C6706",9,0.045
"1:29:10",1.49,"C6706",9,0.049
"1:34:10",1.57,"C6706",9,0.046
"1:39:10",1.65,"C6706",9,0.051
"1:44:10",1.74,"C6706",9,0.05
"1:49:10",1.82,"C6706",9,0.05
"1:54:10",1.9,"C6706",9,0.057
"1:59:10",1.99,"C6706",9,0.045
"2:04:10",2.07,"C6706",9,0.045
"2:09:10",2.15,"C6706",9,0.049
"2:14:10",2.24,"C6706",9,0.058
"2:19:10",2.32,"C6706",9,0.062
"2:24:10",2.4,"C6706",9,0.066
"2:29:10",2.49,"C6706",9,0.067
"2:34:10",2.57,"C6706",9,0.069
"2:39:10",2.65,"C6706",9,0.075
"2:44:10",2.74,"C6706",9,0.08
"2:49:10",2.82,"C6706",9,0.087
"2:54:10",2.9,"C6706",9,0.097
"2:59:10",2.99,"C6706",9,0.104
"3:04:10",3.07,"C6706",9,0.118
"3:09:10",3.15,"C6706",9,0.13
"3:14:10",3.24,"C6706",9,0.147
"3:19:10",3.32,"C6706",9,0.163
"3:24:10",3.4,"C6706",9,0.187
"3:29:10",3.49,"C6706",9,0.204
"3:34:10",3.57,"C6706",9,0.231
"3:39:10",3.65,"C6706",9,0.247
"3:44:10",3.74,"C6706",9,0.26
"3:49:10",3.82,"C6706",9,0.275
"3:54:10",3.9,"C6706",9,0.286
"3:59:10",3.99,"C6706",9,0.293
"4:04:10",4.07,"C6706",9,0.307
"4:09:10",4.15,"C6706",9,0.317
"4:14:10",4.24,"C6706",9,0.323
"4:19:10",4.32,"C6706",9,0.335
"4:24:10",4.4,"C6706",9,0.342
"4:29:10",4.49,"C6706",9,0.349
"4:34:10",4.57,"C6706",9,0.356
"4:39:10",4.65,"C6706",9,0.364
"4:44:10",4.74,"C6706",9,0.371
"4:49:10",4.82,"C6706",9,0.379
"4:54:10",4.9,"C6706",9,0.386
"4:59:10",4.99,"C6706",9,0.394
"5:04:10",5.07,"C6706",9,0.402
"5:09:10",5.15,"C6706",9,0.411
"5:14:10",5.24,"C6706",9,0.416
"5:19:10",5.32,"C6706",9,0.422
"5:24:10",5.4,"C6706",9,0.428
"5:29:10",5.49,"C6706",9,0.434
"5:34:10",5.57,"C6706",9,0.438
"5:39:10",5.65,"C6706",9,0.442
"5:44:10",5.74,"C6706",9,0.446
"5:49:10",5.82,"C6706",9,0.449
"5:54:10",5.9,"C6706",9,0.453
"5:59:10",5.99,"C6706",9,0.457
"6:04:10",6.07,"C6706",9,0.459
"6:09:10",6.15,"C6706",9,0.461
"6:14:10",6.24,"C6706",9,0.463
"6:19:10",6.32,"C6706",9,0.465
"6:24:10",6.4,"C6706",9,0.467
"6:29:10",6.49,"C6706",9,0.468
"6:34:10",6.57,"C6706",9,0.469
"6:39:10",6.65,"C6706",9,0.471
"6:44:10",6.74,"C6706",9,0.472
"6:49:10",6.82,"C6706",9,0.472
"6:54:10",6.9,"C6706",9,0.473
"6:59:10",6.99,"C6706",9,0.474
"7:04:10",7.07,"C6706",9,0.475
"7:09:10",7.15,"C6706",9,0.476
"7:14:10",7.24,"C6706",9,0.477
"7:19:10",7.32,"C6706",9,0.478
"7:24:10",7.4,"C6706",9,0.478
"7:29:10",7.49,"C6706",9,0.478
"7:34:10",7.57,"C6706",9,0.479
"7:39:10",7.65,"C6706",9,0.479
"7:44:10",7.74,"C6706",9,0.48
"7:49:10",7.82,"C6706",9,0.481
"7:54:10",7.9,"C6706",9,0.481
"7:59:10",7.99,"C6706",9,0.483
"8:04:10",8.07,"C6706",9,0.483
"8:09:10",8.15,"C6706",9,0.484
"8:14:10",8.24,"C6706",9,0.486
"8:19:10",8.32,"C6706",9,0.487
"8:24:10",8.4,"C6706",9,0.488
"8:29:10",8.49,"C6706",9,0.489
"8:34:10",8.57,"C6706",9,0.49
"8:39:10",8.65,"C6706",9,0.491
"8:44:10",8.74,"C6706",9,0.492
"8:49:10",8.82,"C6706",9,0.493
"8:54:10",8.9,"C6706",9,0.494
"8:59:10",8.99,"C6706",9,0.495
"9:04:10",9.07,"C6706",9,0.496
"9:09:10",9.15,"C6706",9,0.497
"9:14:10",9.24,"C6706",9,0.499
"9:19:10",9.32,"C6706",9,0.499
"9:24:10",9.4,"C6706",9,0.501
"9:29:10",9.49,"C6706",9,0.501
"9:34:10",9.57,"C6706",9,0.502
"9:39:10",9.65,"C6706",9,0.503
"9:44:10",9.74,"C6706",9,0.504
"9:49:10",9.82,"C6706",9,0.505
"9:54:10",9.9,"C6706",9,0.507
"9:59:10",9.99,"C6706",9,0.509
"0:04:10",0.07,"LuxO",7,0.025
"0:09:10",0.15,"LuxO",7,0.031
"0:14:10",0.24,"LuxO",7,0.035
"0:19:10",0.32,"LuxO",7,0.034
"0:24:10",0.4,"LuxO",7,0.042
"0:29:10",0.49,"LuxO",7,0.038
"0:34:10",0.57,"LuxO",7,0.022
"0:39:10",0.65,"LuxO",7,0.03
"0:44:10",0.74,"LuxO",7,0.044
"0:49:10",0.82,"LuxO",7,0.047
"0:54:10",0.9,"LuxO",7,0.033
"0:59:10",0.99,"LuxO",7,0.031
"1:04:10",1.07,"LuxO",7,0.031
"1:09:10",1.15,"LuxO",7,0.036
"1:14:10",1.24,"LuxO",7,0.052
"1:19:10",1.32,"LuxO",7,0.04
"1:24:10",1.4,"LuxO",7,0.044
"1:29:10",1.49,"LuxO",7,0.058
"1:34:10",1.57,"LuxO",7,0.06
"1:39:10",1.65,"LuxO",7,0.058
"1:44:10",1.74,"LuxO",7,0.065
"1:49:10",1.82,"LuxO",7,0.075
"1:54:10",1.9,"LuxO",7,0.064
"1:59:10",1.99,"LuxO",7,0.057
"2:04:10",2.07,"LuxO",7,0.075
"2:09:10",2.15,"LuxO",7,0.086
"2:14:10",2.24,"LuxO",7,0.092
"2:19:10",2.32,"LuxO",7,0.096
"2:24:10",2.4,"LuxO",7,0.093
"2:29:10",2.49,"LuxO",7,0.077
"2:34:10",2.57,"LuxO",7,0.077
"2:39:10",2.65,"LuxO",7,0.084
"2:44:10",2.74,"LuxO",7,0.089
"2:49:10",2.82,"LuxO",7,0.099
"2:54:10",2.9,"LuxO",7,0.106
"2:59:10",2.99,"LuxO",7,0.114
"3:04:10",3.07,"LuxO",7,0.118
"3:09:10",3.15,"LuxO",7,0.126
"3:14:10",3.24,"LuxO",7,0.133
"3:19:10",3.32,"LuxO",7,0.142
"3:24:10",3.4,"LuxO",7,0.162
"3:29:10",3.49,"LuxO",7,0.178
"3:34:10",3.57,"LuxO",7,0.187
"3:39:10",3.65,"LuxO",7,0.214
"3:44:10",3.74,"LuxO",7,0.238
"3:49:10",3.82,"LuxO",7,0.263
"3:54:10",3.9,"LuxO",7,0.278
"3:59:10",3.99,"LuxO",7,0.284
"4:04:10",4.07,"LuxO",7,0.315
"4:09:10",4.15,"LuxO",7,0.314
"4:14:10",4.24,"LuxO",7,0.328
"4:19:10",4.32,"LuxO",7,0.327
"4:24:10",4.4,"LuxO",7,0.344
"4:29:10",4.49,"LuxO",7,0.345
"4:34:10",4.57,"LuxO",7,0.341
"4:39:10",4.65,"LuxO",7,0.341
"4:44:10",4.74,"LuxO",7,0.346
"4:49:10",4.82,"LuxO",7,0.352
"4:54:10",4.9,"LuxO",7,0.355
"4:59:10",4.99,"LuxO",7,0.358
"5:04:10",5.07,"LuxO",7,0.359
"5:09:10",5.15,"LuxO",7,0.361
"5:14:10",5.24,"LuxO",7,0.364
"5:19:10",5.32,"LuxO",7,0.368
"5:24:10",5.4,"LuxO",7,0.369
"5:29:10",5.49,"LuxO",7,0.37
"5:34:10",5.57,"LuxO",7,0.371
"5:39:10",5.65,"LuxO",7,0.371
"5:44:10",5.74,"LuxO",7,0.371
"5:49:10",5.82,"LuxO",7,0.368
"5:54:10",5.9,"LuxO",7,0.365
"5:59:10",5.99,"LuxO",7,0.365
"6:04:10",6.07,"LuxO",7,0.367
"6:09:10",6.15,"LuxO",7,0.367
"6:14:10",6.24,"LuxO",7,0.367
"6:19:10",6.32,"LuxO",7,0.367
"6:24:10",6.4,"LuxO",7,0.364
"6:29:10",6.49,"LuxO",7,0.363
"6:34:10",6.57,"LuxO",7,0.362
"6:39:10",6.65,"LuxO",7,0.361
"6:44:10",6.74,"LuxO",7,0.361
"6:49:10",6.82,"LuxO",7,0.36
"6:54:10",6.9,"LuxO",7,0.359
"6:59:10",6.99,"LuxO",7,0.359
"7:04:10",7.07,"LuxO",7,0.359
"7:09:10",7.15,"LuxO",7,0.359
"7:14:10",7.24,"LuxO",7,0.359
"7:19:10",7.32,"LuxO",7,0.36
"7:24:10",7.4,"LuxO",7,0.36
"7:29:10",7.49,"LuxO",7,0.361
"7:34:10",7.57,"LuxO",7,0.362
"7:39:10",7.65,"LuxO",7,0.363
"7:44:10",7.74,"LuxO",7,0.364
"7:49:10",7.82,"LuxO",7,0.365
"7:54:10",7.9,"LuxO",7,0.366
"7:59:10",7.99,"LuxO",7,0.367
"8:04:10",8.07,"LuxO",7,0.368
"8:09:10",8.15,"LuxO",7,0.369
"8:14:10",8.24,"LuxO",7,0.37
"8:19:10",8.32,"LuxO",7,0.371
"8:24:10",8.4,"LuxO",7,0.372
"8:29:10",8.49,"LuxO",7,0.373
"8:34:10",8.57,"LuxO",7,0.373
"8:39:10",8.65,"LuxO",7,0.375
"8:44:10",8.74,"LuxO",7,0.376
"8:49:10",8.82,"LuxO",7,0.376
"8:54:10",8.9,"LuxO",7,0.377
"8:59:10",8.99,"LuxO",7,0.378
"9:04:10",9.07,"LuxO",7,0.379
"9:09:10",9.15,"LuxO",7,0.379
"9:14:10",9.24,"LuxO",7,0.38
"9:19:10",9.32,"LuxO",7,0.38
"9:24:10",9.4,"LuxO",7,0.382
"9:29:10",9.49,"LuxO",7,0.383
"9:34:10",9.57,"LuxO",7,0.383
"9:39:10",9.65,"LuxO",7,0.384
"9:44:10",9.74,"LuxO",7,0.385
"9:49:10",9.82,"LuxO",7,0.385
"9:54:10",9.9,"LuxO",7,0.386
"9:59:10",9.99,"LuxO",7,0.386
"0:04:10",0.07,"LuxO",8,0.042
"0:09:10",0.15,"LuxO",8,0.046
"0:14:10",0.24,"LuxO",8,0.048
"0:19:10",0.32,"LuxO",8,0.051
"0:24:10",0.4,"LuxO",8,0.052
"0:29:10",0.49,"LuxO",8,0.053
"0:34:10",0.57,"LuxO",8,0.055
"0:39:10",0.65,"LuxO",8,0.056
"0:44:10",0.74,"LuxO",8,0.05
"0:49:10",0.82,"LuxO",8,0.05
"0:54:10",0.9,"LuxO",8,0.047
"0:59:10",0.99,"LuxO",8,0.053
"1:04:10",1.07,"LuxO",8,0.056
"1:09:10",1.15,"LuxO",8,0.05
"1:14:10",1.24,"LuxO",8,0.06
"1:19:10",1.32,"LuxO",8,0.056
"1:24:10",1.4,"LuxO",8,0.057
"1:29:10",1.49,"LuxO",8,0.062
"1:34:10",1.57,"LuxO",8,0.07
"1:39:10",1.65,"LuxO",8,0.069
"1:44:10",1.74,"LuxO",8,0.065
"1:49:10",1.82,"LuxO",8,0.074
"1:54:10",1.9,"LuxO",8,0.081
"1:59:10",1.99,"LuxO",8,0.087
"2:04:10",2.07,"LuxO",8,0.073
"2:09:10",2.15,"LuxO",8,0.088
"2:14:10",2.24,"LuxO",8,0.09
"2:19:10",2.32,"LuxO",8,0.1
"2:24:10",2.4,"LuxO",8,0.103
"2:29:10",2.49,"LuxO",8,0.091
"2:34:10",2.57,"LuxO",8,0.098
"2:39:10",2.65,"LuxO",8,0.091
"2:44:10",2.74,"LuxO",8,0.099
"2:49:10",2.82,"LuxO",8,0.103
"2:54:10",2.9,"LuxO",8,0.108
"2:59:10",2.99,"LuxO",8,0.127
"3:04:10",3.07,"LuxO",8,0.12
"3:09:10",3.15,"LuxO",8,0.138
"3:14:10",3.24,"LuxO",8,0.137
"3:19:10",3.32,"LuxO",8,0.164
"3:24:10",3.4,"LuxO",8,0.183
"3:29:10",3.49,"LuxO",8,0.202
"3:34:10",3.57,"LuxO",8,0.219
"3:39:10",3.65,"LuxO",8,0.233
"3:44:10",3.74,"LuxO",8,0.258
"3:49:10",3.82,"LuxO",8,0.288
"3:54:10",3.9,"LuxO",8,0.304
"3:59:10",3.99,"LuxO",8,0.318
"4:04:10",4.07,"LuxO",8,0.326
"4:09:10",4.15,"LuxO",8,0.33
"4:14:10",4.24,"LuxO",8,0.339
"4:19:10",4.32,"LuxO",8,0.345
"4:24:10",4.4,"LuxO",8,0.355
"4:29:10",4.49,"LuxO",8,0.362
"4:34:10",4.57,"LuxO",8,0.363
"4:39:10",4.65,"LuxO",8,0.367
"4:44:10",4.74,"LuxO",8,0.37
"4:49:10",4.82,"LuxO",8,0.372
"4:54:10",4.9,"LuxO",8,0.373
"4:59:10",4.99,"LuxO",8,0.375
"5:04:10",5.07,"LuxO",8,0.377
"5:09:10",5.15,"LuxO",8,0.364
"5:14:10",5.24,"LuxO",8,0.37
"5:19:10",5.32,"LuxO",8,0.369
"5:24:10",5.4,"LuxO",8,0.371
"5:29:10",5.49,"LuxO",8,0.373
"5:34:10",5.57,"LuxO",8,0.375
"5:39:10",5.65,"LuxO",8,0.377
"5:44:10",5.74,"LuxO",8,0.378
"5:49:10",5.82,"LuxO",8,0.378
"5:54:10",5.9,"LuxO",8,0.38
"5:59:10",5.99,"LuxO",8,0.38
"6:04:10",6.07,"LuxO",8,0.379
"6:09:10",6.15,"LuxO",8,0.379
"6:14:10",6.24,"LuxO",8,0.378
"6:19:10",6.32,"LuxO",8,0.376
"6:24:10",6.4,"LuxO",8,0.374
"6:29:10",6.49,"LuxO",8,0.372
"6:34:10",6.57,"LuxO",8,0.371
"6:39:10",6.65,"LuxO",8,0.371
"6:44:10",6.74,"LuxO",8,0.37
"6:49:10",6.82,"LuxO",8,0.369
"6:54:10",6.9,"LuxO",8,0.369
"6:59:10",6.99,"LuxO",8,0.368
"7:04:10",7.07,"LuxO",8,0.369
"7:09:10",7.15,"LuxO",8,0.369
"7:14:10",7.24,"LuxO",8,0.369
"7:19:10",7.32,"LuxO",8,0.37
"7:24:10",7.4,"LuxO",8,0.37
"7:29:10",7.49,"LuxO",8,0.37
"7:34:10",7.57,"LuxO",8,0.371
"7:39:10",7.65,"LuxO",8,0.373
"7:44:10",7.74,"LuxO",8,0.374
"7:49:10",7.82,"LuxO",8,0.375
"7:54:10",7.9,"LuxO",8,0.375
"7:59:10",7.99,"LuxO",8,0.377
"8:04:10",8.07,"LuxO",8,0.377
"8:09:10",8.15,"LuxO",8,0.379
"8:14:10",8.24,"LuxO",8,0.379
"8:19:10",8.32,"LuxO",8,0.38
"8:24:10",8.4,"LuxO",8,0.381
"8:29:10",8.49,"LuxO",8,0.382
"8:34:10",8.57,"LuxO",8,0.383
"8:39:10",8.65,"LuxO",8,0.383
"8:44:10",8.74,"LuxO",8,0.384
"8:49:10",8.82,"LuxO",8,0.385
"8:54:10",8.9,"LuxO",8,0.385
"8:59:10",8.99,"LuxO",8,0.386
"9:04:10",9.07,"LuxO",8,0.387
"9:09:10",9.15,"LuxO",8,0.387
"9:14:10",9.24,"LuxO",8,0.388
"9:19:10",9.32,"LuxO",8,0.389
"9:24:10",9.4,"LuxO",8,0.39
"9:29:10",9.49,"LuxO",8,0.39
"9:34:10",9.57,"LuxO",8,0.391
"9:39:10",9.65,"LuxO",8,0.391
"9:44:10",9.74,"LuxO",8,0.392
"9:49:10",9.82,"LuxO",8,0.392
"9:54:10",9.9,"LuxO",8,0.393
"9:59:10",9.99,"LuxO",8,0.393
"0:04:10",0.07,"LuxO",9,0.037
"0:09:10",0.15,"LuxO",9,0.044
"0:14:10",0.24,"LuxO",9,0.049
"0:19:10",0.32,"LuxO",9,0.038
"0:24:10",0.4,"LuxO",9,0.05
"0:29:10",0.49,"LuxO",9,0.051
"0:34:10",0.57,"LuxO",9,0.038
"0:39:10",0.65,"LuxO",9,0.041
"0:44:10",0.74,"LuxO",9,0.053
"0:49:10",0.82,"LuxO",9,0.046
"0:54:10",0.9,"LuxO",9,0.04
"0:59:10",0.99,"LuxO",9,0.052
"1:04:10",1.07,"LuxO",9,0.053
"1:09:10",1.15,"LuxO",9,0.049
"1:14:10",1.24,"LuxO",9,0.058
"1:19:10",1.32,"LuxO",9,0.056
"1:24:10",1.4,"LuxO",9,0.052
"1:29:10",1.49,"LuxO",9,0.054
"1:34:10",1.57,"LuxO",9,0.055
"1:39:10",1.65,"LuxO",9,0.069
"1:44:10",1.74,"LuxO",9,0.071
"1:49:10",1.82,"LuxO",9,0.071
"1:54:10",1.9,"LuxO",9,0.077
"1:59:10",1.99,"LuxO",9,0.066
"2:04:10",2.07,"LuxO",9,0.083
"2:09:10",2.15,"LuxO",9,0.09
"2:14:10",2.24,"LuxO",9,0.093
"2:19:10",2.32,"LuxO",9,0.083
"2:24:10",2.4,"LuxO",9,0.093
"2:29:10",2.49,"LuxO",9,0.079
"2:34:10",2.57,"LuxO",9,0.08
"2:39:10",2.65,"LuxO",9,0.086
"2:44:10",2.74,"LuxO",9,0.098
"2:49:10",2.82,"LuxO",9,0.103
"2:54:10",2.9,"LuxO",9,0.106
"2:59:10",2.99,"LuxO",9,0.105
"3:04:10",3.07,"LuxO",9,0.113
"3:09:10",3.15,"LuxO",9,0.125
"3:14:10",3.24,"LuxO",9,0.139
"3:19:10",3.32,"LuxO",9,0.154
"3:24:10",3.4,"LuxO",9,0.166
"3:29:10",3.49,"LuxO",9,0.183
"3:34:10",3.57,"LuxO",9,0.198
"3:39:10",3.65,"LuxO",9,0.216
"3:44:10",3.74,"LuxO",9,0.233
"3:49:10",3.82,"LuxO",9,0.259
"3:54:10",3.9,"LuxO",9,0.283
"3:59:10",3.99,"LuxO",9,0.295
"4:04:10",4.07,"LuxO",9,0.316
"4:09:10",4.15,"LuxO",9,0.326
"4:14:10",4.24,"LuxO",9,0.33
"4:19:10",4.32,"LuxO",9,0.342
"4:24:10",4.4,"LuxO",9,0.349
"4:29:10",4.49,"LuxO",9,0.354
"4:34:10",4.57,"LuxO",9,0.355
"4:39:10",4.65,"LuxO",9,0.356
"4:44:10",4.74,"LuxO",9,0.366
"4:49:10",4.82,"LuxO",9,0.367
"4:54:10",4.9,"LuxO",9,0.377
"4:59:10",4.99,"LuxO",9,0.377
"5:04:10",5.07,"LuxO",9,0.378
"5:09:10",5.15,"LuxO",9,0.382
"5:14:10",5.24,"LuxO",9,0.38
"5:19:10",5.32,"LuxO",9,0.381
"5:24:10",5.4,"LuxO",9,0.382
"5:29:10",5.49,"LuxO",9,0.385
"5:34:10",5.57,"LuxO",9,0.383
"5:39:10",5.65,"LuxO",9,0.384
"5:44:10",5.74,"LuxO",9,0.384
"5:49:10",5.82,"LuxO",9,0.385
"5:54:10",5.9,"LuxO",9,0.385
"5:59:10",5.99,"LuxO",9,0.388
"6:04:10",6.07,"LuxO",9,0.38
"6:09:10",6.15,"LuxO",9,0.378
"6:14:10",6.24,"LuxO",9,0.377
"6:19:10",6.32,"LuxO",9,0.375
"6:24:10",6.4,"LuxO",9,0.375
"6:29:10",6.49,"LuxO",9,0.373
"6:34:10",6.57,"LuxO",9,0.373
"6:39:10",6.65,"LuxO",9,0.371
"6:44:10",6.74,"LuxO",9,0.37
"6:49:10",6.82,"LuxO",9,0.37
"6:54:10",6.9,"LuxO",9,0.371
"6:59:10",6.99,"LuxO",9,0.37
"7:04:10",7.07,"LuxO",9,0.371
"7:09:10",7.15,"LuxO",9,0.372
"7:14:10",7.24,"LuxO",9,0.372
"7:19:10",7.32,"LuxO",9,0.372
"7:24:10",7.4,"LuxO",9,0.373
"7:29:10",7.49,"LuxO",9,0.375
"7:34:10",7.57,"LuxO",9,0.376
"7:39:10",7.65,"LuxO",9,0.38
"7:44:10",7.74,"LuxO",9,0.383
"7:49:10",7.82,"LuxO",9,0.379
"7:54:10",7.9,"LuxO",9,0.384
"7:59:10",7.99,"LuxO",9,0.383
"8:04:10",8.07,"LuxO",9,0.383
"8:09:10",8.15,"LuxO",9,0.382
"8:14:10",8.24,"LuxO",9,0.383
"8:19:10",8.32,"LuxO",9,0.384
"8:24:10",8.4,"LuxO",9,0.387
"8:29:10",8.49,"LuxO",9,0.386
"8:34:10",8.57,"LuxO",9,0.391
"8:39:10",8.65,"LuxO",9,0.387
"8:44:10",8.74,"LuxO",9,0.388
"8:49:10",8.82,"LuxO",9,0.391
"8:54:10",8.9,"LuxO",9,0.393
"8:59:10",8.99,"LuxO",9,0.391
"9:04:10",9.07,"LuxO",9,0.391
"9:09:10",9.15,"LuxO",9,0.394
"9:14:10",9.24,"LuxO",9,0.394
"9:19:10",9.32,"LuxO",9,0.393
"9:24:10",9.4,"LuxO",9,0.394
"9:29:10",9.49,"LuxO",9,0.394
"9:34:10",9.57,"LuxO",9,0.394
"9:39:10",9.65,"LuxO",9,0.394
"9:44:10",9.74,"LuxO",9,0.395
"9:49:10",9.82,"LuxO",9,0.396
"9:54:10",9.9,"LuxO",9,0.397
"9:59:10",9.99,"LuxO",9,0.397
